{"p":[0.1707,0.2751,0.3461,0.1792,0.916,0.4355,0.4295,0.4621,0.7547,0.6914,0.2251,0.4417,0.7302,0.206,0.7569,0.2177,0.6978,0.272,0.058,0.1832,0.5703,0.1808,0.2803,0.9001,0.7914,0.9704,0.3407,0.5595,0.2991,0.5,0.2975,0.8917,0.7584,0.1044,0.4101,0.5225,0.0786,0.301,0.8402,0.2866,0.4333,0.0856,0.5755,0.6274,0.3543,0.0409,0.6542,0.2145,0.9774,0.914,0.2254,0.7113,0.4744,0.1799,0.9811,0.8693,0.5602,0.1241,0.6254,0.8945,0.8738,0.1962,0.4848,0.9864,0.4497,0.0975,0.0017,0.2334,0.9971,0.3483,0.439,0.8177,0.5869,0.5821,0.5945,0.6379,0.6628,0.7186,0.7247,0.8424,0.8548,0.9044,0.9107,0.917,0.0161,0.0222,0.2022,0.2517,0.7359,0.5488,0.3208,0.3659,0.092,0.1845,0.0977,0.4198,0.4281,0.38,0.1882,0.4358,0.6114,0.1717,0.3167,0.467,0.7405,0.9057,0.4297,0.2269,0.246,0.3104,0.6038,0.9943,0.6153,0.3555,0.9097,0.4564,0.1268,0.5787,0.4429,0.49,0.924,0.4643,0.4416,0.6884,0.9308,0.5032,0.9504,0.5058,0.2437,0.8941,0.3488,0.5994,0.1907,0.3593,0.7645,0.3025,0.759,0.7936,0.0903,0.1415,0.3624,0.1134,0.4043,0.6643],"b":[198.9411,199.0244,247.8412,247.9041,257.8427,257.8819,273.7998,276.82,276.8421,279.7796,279.8198,282.7784,282.8002,286.7591,286.8007,304.7154,307.6939,307.7372,337.6718,345.6782,574.9026,581.9648,606.9439,634.7536,634.8209,637.7766,640.8223,658.7187,661.7168,661.8074,665.7151,665.76,672.6906,685.6929,913.0251,963.882,963.924,966.883,966.9237,986.7988,986.8853,992.8191,995.7983,995.8022,998.7993,1014.845,1017.7581,1017.8003,1020.7247,1023.7377,1040.7358,1043.7147,1043.7723,1253.0283,1256.0311,1265.0003,1291.9855,1311.9449,1317.9427,1324.9038,1339.8399,1339.8642,1343.8845,1345.8838,1349.8418,1349.8907,1352.8257,1366.8001,1368.8192,1368.8457,1370.7386,1370.8426,1373.8429,1375.8041,1375.805,1375.8083,1375.8102,1375.8144,1375.8149,1375.8237,1375.8247,1375.8284,1375.8289,1375.8294,1375.8368,1375.8373,1375.8509,1375.8546,1377.7772,1379.8001,1396.7575,1399.7786,1405.7179,1407.7618,1409.7168,1430.7142,1435.6941,1724.8626,1726.8851,1735.806,1737.7808,1756.7592,1756.8456,1758.8184,1760.8006,1764.7361,1766.7371,1781.7349,1783.7733,1783.7782,2049.9625,2051.878,2051.9248,2055.9037,2055.9455,2057.8728,2061.9219,2063.9175,2076.7325,2076.7361,2076.7688,2076.885,2078.8448,2082.8619,2084.8417,2084.8849,2086.8047,2086.8466,2088.8638,2088.9128,2093.9264,2094.926,2104.7782,2108.7894,2110.7815,2110.8221,2114.7795,2137.7167,2137.7391,2143.703,2143.7196,2145.7378,2145.7597,2149.7778],"y":[2.59455e-05,3.20371e-05,2.07685e-05,2.43203e-05,3.52741e-05,2.45663e-05,2.26796e-05,2.62008e-05,1.95583e-05,2.6081e-05,1.89816e-05,1.51571e-05,1.54753e-05,1.13072e-05,2.61186e-05,1.70362e-05,2.49422e-05,2.03517e-05,2.48124e-05,1.01962e-05,1.87389e-05,1.79743e-05,2.11032e-05,2.13196e-05,2.75523e-05,5.40555e-06,7.15298e-06,1.69629e-05,2.1896e-05,2.32517e-05,2.51849e-05,2.89325e-05,2.29167e-05,2.15057e-05,1.92624e-05,1.74277e-05,1.93906e-05,2.15452e-05,2.55727e-05,2.56194e-05,1.9687e-05,2.96381e-05,1.83048e-05,1.42133e-05,2.16066e-05,1.08959e-05,2.51872e-05,1.57589e-05,3.34595e-06,1.83813e-05,1.46276e-05,2.09391e-05,2.71423e-05,1.45982e-05,3.48863e-07,2.16222e-05,2.31065e-05,2.21915e-05,1.81558e-05,1.64098e-05,2.14466e-05,8.4237e-06,1.56147e-05,1.13306e-06,1.79931e-05,1.3435e-05,4.15601e-06,1.31975e-05,4.53601e-06,1.74394e-05,1.58613e-05,1.54301e-05,1.22175e-05,1.46976e-05,1.28008e-05,1.9034e-05,1.67621e-05,1.55201e-05,1.99829e-05,2.25401e-05,2.47771e-05,2.66352e-05,1.90104e-05,1.75773e-05,1.57098e-05,1.21037e-05,2.02357e-05,2.70422e-05,2.64262e-05,1.47699e-05,1.42379e-05,1.85543e-05,1.84629e-05,1.74489e-05,1.86619e-05,2.28287e-05,1.23478e-05,1.27547e-05,1.89212e-05,1.58023e-05,1.96364e-05,2.38833e-05,2.86975e-05,1.99247e-05,3.20971e-05,2.12505e-05,2.83493e-05,1.33097e-05,2.17571e-05,1.75622e-05,1.64943e-05,3.2163e-06,1.55639e-05,2.36612e-05,1.93518e-05,1.27373e-05,1.51047e-05,1.19679e-05,8.59889e-06,2.11048e-05,1.95186e-05,9.72371e-06,8.27402e-06,1.5715e-05,1.42769e-05,1.40351e-05,1.49526e-05,1.06156e-05,1.23659e-05,1.89616e-05,1.45676e-05,1.32037e-05,1.9765e-05,1.44088e-05,1.49456e-05,1.62818e-05,1.7191e-05,4.06145e-05,4.40165e-05,2.30514e-05,2.77852e-05,1.61859e-05,2.22124e-05,1.61486e-05],"e":[3.1388e-06,3.6525e-06,2.889e-06,2.7975e-06,3.4116e-06,3.5438e-06,3.002e-06,3.4723e-06,3.1926e-06,3.7294e-06,3.4589e-06,3.298e-06,3.536e-06,2.806e-06,3.2575e-06,3.3041e-06,3.5564e-06,3.1798e-06,3.7194e-06,3.3517e-06,3.7566e-06,3.6699e-06,2.6722e-06,2.8917e-06,2.9708e-06,3.0515e-06,2.9819e-06,2.8917e-06,3.1122e-06,3.5686e-06,3.0947e-06,3.2585e-06,3.7931e-06,3.2008e-06,2.7761e-06,3.3827e-06,3.7034e-06,3.6676e-06,3.3624e-06,3.409e-06,2.7486e-06,3.6197e-06,3.3597e-06,3.6408e-06,3.1878e-06,3.2097e-06,3.2695e-06,2.8055e-06,2.7762e-06,2.7555e-06,3.1578e-06,2.867e-06,3.2009e-06,3.7082e-06,3.2173e-06,3.5601e-06,3.368e-06,3.0262e-06,3.3379e-06,3.4224e-06,3.0059e-06,3.0799e-06,3.3526e-06,3.3194e-06,2.7907e-06,2.7233e-06,3.4558e-06,3.2261e-06,3.2059e-06,2.9518e-06,3.5501e-06,3.5832e-06,3.6244e-06,3.618e-06,3.7085e-06,3.7284e-06,3.6065e-06,3.7284e-06,3.6257e-06,3.4185e-06,3.6553e-06,3.7302e-06,3.7072e-06,3.7931e-06,3.4042e-06,3.7185e-06,3.6897e-06,3.7539e-06,3.5556e-06,3.6871e-06,3.3152e-06,3.6572e-06,3.7542e-06,3.7908e-06,3.5832e-06,3.4262e-06,3.3892e-06,3.4814e-06,3.0249e-06,2.9274e-06,3.4339e-06,3.4705e-06,3.2145e-06,3.738e-06,3.2592e-06,3.5953e-06,3.0944e-06,3.6327e-06,3.3785e-06,3.544e-06,3.3084e-06,3.0118e-06,3.0665e-06,3.1142e-06,3.1223e-06,3.6535e-06,3.1628e-06,3.5371e-06,2.0558e-06,2.0513e-06,1.8177e-06,3.6408e-06,3.1867e-06,3.5309e-06,3.1488e-06,3.2728e-06,3.4573e-06,2.9585e-06,2.9783e-06,3.5004e-06,3.4043e-06,2.9181e-06,3.4608e-06,3.7351e-06,2.9751e-06,2.8378e-06,3.1649e-06,3.4923e-06,3.5523e-06,3.1526e-06,3.7218e-06,3.3378e-06,3.7412e-06,3.6532e-06],"f":[2,2,1,2,2,2,1,2,1,2,1,1,2,1,2,1,2,1,1,1,1,1,1,1,2,1,1,1,1,2,1,2,1,1,1,1,1,2,1,2,1,2,2,1,2,1,2,1,1,1,1,1,2,1,1,1,1,1,2,1,2,1,1,1,2,1,1,1,2,1,1,2,1,2,2,2,2,2,2,2,2,2,2,2,2,2,2,2,2,1,1,1,1,1,1,2,1,1,2,2,2,1,2,2,2,1,2,1,2,1,1,1,2,2,1,1,1,2,1,2,1,1,1,2,1,2,1,2,2,1,1,2,1,2,1,2,1,1,2,1,2,1,2,1]}