{"p":[0.4632,0.7163,0.119,0.3685,0.1901,0.3668,0.3799,0.8427,0.0088,0.4789,0.3127,0.8173],"b":[397.9914,429.9469,1143.933,1145.0201,1254.7922,1257.7276,1257.7285,1523.0272,1525.0351,1956.7224,1965.7642,1972.8578],"y":[1.62781e-05,1.69055e-05,1.13669e-05,1.0183e-05,6.73928e-06,5.47946e-06,4.37321e-06,1.03418e-05,3.82409e-07,3.07003e-05,2.64849e-05,2.70241e-05],"e":[2.1752e-06,2.0944e-06,2.078e-06,2.0303e-06,2.1542e-06,2.1752e-06,2.0162e-06,2.1398e-06,2.1765e-06,1.3148e-06,1.7717e-06,1.3387e-06],"f":[1,1,1,1,1,2,2,1,1,2,2,2]}