{"phase": [0.53355, 0.01131, 0.28588, 0.03854, 0.15778, 0.16497, 0.17153, 0.92415, 0.04253, 0.28257, 0.11917, 0.17483, 0.246, 0.16312, 0.50057, 0.74302, 0.63808, 0.87864, 0.72986, 0.17151, 0.59547, 0.80595, 0.62267, 0.97629, 0.67676, 0.1957, 0.82911, 0.11482, 0.04052, 0.39138, 0.94921, 0.33952, 0.99724, 0.78497, 0.87147, 0.44696, 0.57531, 0.90779, 0.74505, 0.16517, 0.99733, 0.30244, 0.40741, 0.81821, 0.89739, 0.2969, 0.9684, 0.15351, 0.03689, 0.33637, 0.73344, 0.4949, 0.59784, 0.57239, 0.07189, 0.22221, 0.0085, 0.96263, 0.06432, 0.06164, 0.62073, 0.90938, 0.60722, 0.43993, 0.62545, 0.46389, 0.40441, 0.21119, 0.52788, 0.91203, 0.30738, 0.7377, 0.9737, 0.55905, 0.0938, 0.29358, 0.05346, 0.63723, 0.96684, 0.30632, 0.15753, 0.17215, 0.31335, 0.78765, 0.60006, 0.17133, 0.72567, 0.66592, 0.78975, 0.01281, 0.96274, 0.84524, 0.42189, 0.19591, 0.22368, 0.58435, 0.41608, 0.44525, 0.46384, 0.13207, 0.15066, 0.82376, 0.26717, 0.84734, 0.32194, 0.60083, 0.17455, 0.9143, 0.81934, 0.82066, 0.84612, 0.39579, 0.46878, 0.56351, 0.1521, 0.14783, 0.87087, 0.70153, 0.8001, 0.08443, 0.98043, 0.8042, 0.99909, 0.12169, 0.77813, 0.18707, 0.70978, 0.94234, 0.76776, 0.68261, 0.09998, 0.62582, 0.02521, 0.65755, 0.43965, 0.78681, 0.37208, 0.06613, 0.22574, 0.39399, 0.17233, 0.12136, 0.59085, 0.778, 0.17635, 0.7971, 0.2752, 0.71273, 0.40914, 0.36524, 0.49289, 0.92776, 0.28793, 0.35792, 0.40686], "bjd": [2458217.787172, 2458217.811269, 2458224.785342, 2458229.766073, 2458242.734245, 2458249.694833, 2458257.714553, 2458274.699148, 2458274.755555, 2458277.692974, 2458277.735169, 2458280.713725, 2458283.693063, 2458286.715067, 2458444.043262, 2458487.985607, 2458488.030751, 2458495.003109, 2458495.046042, 2458524.926674, 2458543.861712, 2458546.79764, 2458580.782539, 2458580.800374, 2458583.761016, 2458586.762938, 2458600.715335, 2458600.780181, 2458607.736659, 2458607.804792, 2458612.674822, 2458612.694508, 2458634.717957, 2458634.757688, 2458637.687363, 2458637.716388, 2458640.69861, 2458640.715379, 2458662.697448, 2458854.023955, 2458857.041675, 2458873.902826, 2458874.008993, 2458876.854151, 2458877.009454, 2458880.963645, 2458898.90244, 2458901.887524, 2458908.841867, 2458908.957845, 2458911.903184, 2458954.762104, 2458962.73625, 2458962.785403, 2458965.735908, 2458965.793926, 2458968.708459, 2458968.756582, 2458978.697684, 2458981.673298, 2458986.694701, 2458986.759696, 2458992.695953, 2458992.737952, 2458995.672621, 2458995.714909, 2458998.687657, 2458998.728348, 2459011.706479, 2459014.701603, 2459014.721543, 2459018.727723, 2459021.715375, 2459021.744898, 2459024.697181, 2459204.967001, 2459205.005326, 2459227.983338, 2459231.984439, 2459251.923945, 2459251.966876, 2459253.884198, 2459253.992192, 2459255.882261, 2459255.923236, 2459264.879294, 2459268.942167, 2459280.79171, 2459290.834802, 2459290.846052, 2459292.860984, 2459306.775508, 2459307.762884, 2459307.801923, 2459307.803323, 2459308.779806, 2459308.922628, 2459309.781519, 2459309.782456, 2459309.816159, 2459309.817097, 2459310.758901, 2459311.739557, 2459311.819255, 2459313.759776, 2459317.758319, 2459317.837692, 2459321.758606, 2459321.804253, 2459323.821776, 2459334.717326, 2459336.762506, 2459336.816623, 2459338.737985, 2459338.818107, 2459340.734476, 2459342.737964, 2459342.779859, 2459344.751851, 2459346.783648, 2459348.694986, 2459348.736534, 2459350.713384, 2459353.695316, 2459363.714834, 2459366.711208, 2459366.737572, 2459368.716321, 2459370.724973, 2459370.771115, 2459374.726205, 2459376.719747, 2459550.997701, 2459636.922807, 2459636.962254, 2459641.821659, 2459671.860844, 2459674.821162, 2459678.763252, 2459678.822174, 2459697.775086, 2459699.739536, 2459699.763215, 2459719.695038, 2459719.715129, 2459722.772622, 2459725.722048, 2459730.686884, 2459730.722009, 2459732.686814, 2459734.710709, 2459736.699663, 2459937.000828, 2459937.004359, 2460020.731274], "y": [2.22140857162093e-05, 2.5689971741795785e-05, 1.91715727039787e-05, 2.972939414300992e-05, 3.069875192883646e-05, 3.3401809024404226e-05, 1.902976858724832e-05, 2.025140208503169e-05, 3.1357175343014425e-05, 3.332492757987291e-05, 2.9948293761514224e-05, 3.344590550093345e-05, 2.3144739331856093e-05, 3.352489004439366e-05, 2.1899293811927172e-05, 2.6911106591163508e-05, 2.078566555201169e-05, 2.851966792677475e-05, 2.68278856339151e-05, 2.331081136809266e-05, 2.7731894731142243e-05, 2.8409875901291783e-05, 2.3561921593826085e-05, 2.70892314030055e-05, 2.143358621458541e-05, 3.231385553750959e-05, 3.1756300710001576e-05, 2.272025497257364e-05, 2.297947022923164e-05, 3.141363102462117e-05, 3.1278365135143185e-05, 2.4884592044935857e-05, 2.3051037851682485e-05, 2.6481618271159055e-05, 2.039292881259711e-05, 2.754068466024946e-05, 2.4358730425931005e-05, 1.0624922126430788e-05, 2.708495392794885e-05, 2.798345582563139e-05, 2.981858753983198e-05, 2.6031121949235133e-05, 2.0835413476867192e-05, 2.281266275738072e-05, 2.6273252572725305e-05, 2.9753628285162497e-05, 2.830250305951747e-05, 2.3215155211504247e-05, 2.1442100628489955e-05, 1.495526333619366e-05, 3.259747535178587e-05, 1.937946883921199e-05, 2.5157934492040597e-05, 2.293955971427377e-05, 3.041963100951702e-05, 1.3961219374324022e-05, 1.656245648314543e-05, 2.770676875760955e-05, 2.7514740881128343e-05, 2.7851367205100184e-05, 2.2994561834082503e-05, 1.9234522966542463e-05, 2.338541090630929e-05, 1.1599341160694284e-05, 3.7261342418070814e-05, 1.7623339277252797e-05, 2.5868725194343545e-05, 1.6203673162837637e-05, 2.4902414895724e-05, 2.3230358431535598e-05, 3.268594061240264e-05, 1.5401545470286727e-05, 3.0926879143469336e-05, 2.203761043827733e-05, 2.681740643163572e-05, 3.069649537922201e-05, 2.2802282675793647e-05, 2.274111967332032e-05, 2.560631531814468e-05, 2.7616571968965058e-05, 2.1006728517746216e-05, 2.6236467342986085e-05, 2.5452095946865307e-05, 2.290175419165958e-05, 2.4856177471083585e-05, 2.6506206874682515e-05, 3.133717810410552e-05, 2.673386108035574e-05, 1.918913510813789e-05, 2.681678954019669e-05, 2.103976938359059e-05, 3.042267179222991e-05, 2.099227326811676e-05, 1.8940661999613955e-05, 5.793886843007807e-06, 2.476505675858888e-05, 2.851311432742669e-05, 2.076535552089141e-05, 2.9949773003214644e-05, 2.3202395896192866e-05, 7.040920631031835e-06, 3.057056334684658e-05, 2.81154346024954e-05, 1.6973826721725496e-05, 2.5121664405538117e-05, 2.3326114510436767e-05, 2.102702196903467e-05, 2.198907355392904e-05, 2.0207350956467787e-05, 2.594020996424977e-05, 3.5515221074505004e-05, 2.339400696807124e-05, 1.98012373777448e-05, 2.6973632907459305e-05, 3.1602212480554744e-05, 1.067215885763483e-05, 1.798236505833928e-05, 2.4307388916146585e-05, 2.298595298640261e-05, 2.2382664347259093e-05, 1.973144530619218e-05, 2.3004667457373356e-05, 2.654408012025661e-05, 2.5620566482258537e-05, 2.892009380925624e-05, 1.8007296677260818e-05, 3.204417538315132e-05, 2.6124536688119387e-05, 3.113259648090481e-05, 2.274880880389529e-05, 2.392959131851666e-05, 2.8033848869121416e-05, 3.512049008881631e-05, 1.694685924606117e-05, 2.4741743440083047e-05, 2.5564808532876265e-05, 9.100701498594e-06, 2.3910349161323843e-05, 1.5367219022613675e-05, 2.6135812067025684e-05, 2.8139717076651244e-05, 2.9489199101729405e-05, 1.5744272678020714e-05, 1.6526578728340275e-05, 2.49633416257882e-05, 2.5981786684667557e-05, 2.0126994660241504e-05, 2.9116486614068597e-05, 1.4757933928461313e-05, 2.1859848200114697e-05, 3.3113127407439524e-05, 1.8871549778856896e-05, 2.549502171025895e-05, 2.5495838778574624e-05, 3.0373492771037346e-05],