{"p":[0.5104,0.4888,0.9961,0.4619,0.9253,0.6764,0.7227,0.1409,0.749,0.3553,0.254,0.6962,0.7395,0.0014,0.1682,0.4077,0.4001,0.2936,0.5714,0.8467,0.7164,0.5945,0.3422,0.7753,0.2882,0.8765,0.4033,0.6755,0.5587,0.4773,0.299,0.0003,0.626,0.4609,0.7453,0.3271,0.4473,0.5745,0.8852,0.4117,0.8168,0.4531,0.7853,0.9224,0.2487,0.7881,0.0595,0.7505,0.5948,0.3085,0.4006,0.0014,0.8468,0.9902,0.656,0.5974,0.045,0.9698,0.938,0.4337,0.1871,0.6264,0.7866,0.9932,0.7261,0.3765,0.986],"b":[1190.0283,1199.9862,1202.9753,1216.9822,1220.8952,1224.9792,1227.9072,1230.8845,1233.8871,1248.8422,1251.8834,1254.8639,1257.9243,1260.8809,1264.8873,1278.8641,1294.8001,1297.7078,1307.7054,1310.7966,1315.6932,1322.7159,1325.737,1336.6849,1339.6748,1342.6747,1358.6818,1364.6944,1377.6942,1532.0077,1624.9504,1636.8636,1639.7357,1672.7832,1678.7974,1685.7808,1694.695,1701.7507,1742.6972,1898.0211,1914.9417,1934.9476,1938.0463,1967.9466,1972.9039,1979.8816,1987.8862,1994.884,2032.714,2051.8005,2055.6642,2058.6658,2114.6907,2260.0031,2263.0133,2297.0047,2314.8605,2322.0222,2324.9398,2327.9275,2335.8633,2357.9679,2368.8796,2398.7891,2410.7064,2411.7225,2450.7165],"y":[0.000252697,0.000261845,6.31526e-05,0.000242364,0.000220539,0.000231243,0.000236776,0.00022563,0.000237938,0.000252888,0.000253876,0.0002526,0.000205952,4.95605e-05,0.000235642,0.000247394,0.000244382,0.000250374,0.000244917,0.000227115,0.000234468,0.00023882,0.000249615,0.000231978,0.000240753,0.000228152,0.000247097,0.000247637,0.000259576,0.000261147,0.000247086,6.19547e-05,0.000239907,0.000245004,0.000239732,0.000250262,0.000247672,0.000253331,0.000219627,0.000266831,0.000245042,0.000244357,0.00023837,0.000221986,0.000226881,0.000220726,0.000209711,0.000226789,0.000246896,0.000243667,0.000245154,4.90606e-05,0.000224276,6.23678e-05,0.000242109,0.000223624,0.000214406,0.000225494,0.0002323,0.000249285,0.000255755,0.000236936,0.000242805,6.80558e-05,0.000241274,0.000253508,6.08723e-05],"e":[9.0672e-06,8.8048e-06,7.5393e-06,8.8903e-06,2.6648e-05,1.0734e-05,7.6108e-06,6.8457e-06,2.0913e-05,4.3628e-05,9.4028e-06,6.4883e-06,1.3022e-05,6.1784e-06,6.0264e-06,8.4615e-06,7.3741e-06,1.0979e-05,6.3522e-06,6.9596e-06,6.1037e-06,8.2728e-06,7.2589e-06,7.1147e-06,7.7534e-06,7.1171e-06,9.8953e-06,6.7638e-06,6.9734e-06,7.1714e-06,7.7813e-06,8.247e-06,9.6714e-06,6.3442e-06,6.7786e-06,1.1065e-05,6.9952e-06,9.2234e-06,1.1872e-05,1.0285e-05,8.6095e-06,9.6635e-06,7.6705e-06,1.282e-05,7.2836e-06,9.7043e-06,1.0082e-05,7.7032e-06,1.0137e-05,7.1292e-06,8.52e-06,7.5567e-06,7.2102e-06,1.2601e-05,7.4792e-06,2.9055e-05,8.3132e-06,6.7299e-06,6.3794e-06,7.9296e-06,1.4291e-05,1.0579e-05,1.0941e-05,7.971e-06,4.8001e-06,4.8837e-06,1.4997e-05],"f":[3,3,3,3,3,3,3,3,3,3,3,3,3,3,3,3,3,3,3,3,3,3,3,3,3,3,3,3,3,3,3,3,3,3,3,3,3,3,3,3,3,3,3,3,3,3,3,3,3,3,3,3,3,3,3,3,3,3,3,3,3,3,3,3,3,3,3]}