{"p":[0.3153,0.3224,0.881,0.8882,0.9684,0.9755,0.5431,0.5504,0.0249,0.0322,0.387,0.5704,0.5775,0.3112,0.3183,0.9963,0.8878,0.6114,0.9987,0.8158,0.8231,0.0912,0.0985,0.0059,0.0132,0.1064,0.1138,0.3727,0.8117,0.8191,0.3666,0.0961,0.9673,0.9748,0.682,0.1879,0.1953,0.6563,0.6638,0.3134,0.7468,0.63,0.7384,0.7487,0.3291,0.3366,0.425,0.4324,0.5206,0.5281,0.5353,0.6141,0.629,0.7196,0.505,0.5122,0.3022],"b":[274.9149,274.9154,283.9414,283.9419,285.8598,285.8603,333.718,333.7184,336.8093,336.8097,606.9918,686.8335,686.8339,695.7436,695.7441,728.6885,1013.9526,1045.816,1047.8173,1141.5995,1141.5999,1338.9603,1338.9608,1377.9134,1377.9139,1396.9209,1396.9214,1400.8274,1402.832,1402.8324,1411.794,1459.662,1729.9408,1729.9413,2077.9354,2085.9379,2085.9384,2089.8573,2089.8577,2093.8524,2094.964,2109.9406,2114.9209,2115.9418,2116.8715,2116.8719,2116.8776,2116.8781,2116.8837,2116.8842,2116.8846,2116.8896,2116.8906,2116.8964,2123.8965,2123.897,2178.7826],"y":[1.79285e-05,2.09573e-05,3.98888e-05,3.94568e-05,9.66657e-06,7.06089e-06,2.40285e-05,2.45019e-05,1.13837e-06,1.16693e-05,2.5949e-05,9.94848e-06,1.71227e-05,1.51482e-05,1.61226e-05,2.59713e-06,8.30061e-06,1.09779e-05,-8.31537e-07,5.99291e-06,7.62945e-06,1.94707e-05,1.77792e-05,6.97774e-08,-1.66615e-06,2.82651e-05,2.6513e-05,2.54547e-05,2.48714e-05,2.31361e-05,2.30207e-05,1.63955e-05,1.11035e-05,-5.90895e-08,1.12473e-05,8.52173e-06,6.75208e-06,9.50012e-06,9.26519e-06,1.12949e-05,9.9815e-06,2.09076e-05,7.31138e-06,1.38136e-05,1.00774e-05,1.40953e-05,1.28878e-05,1.36221e-05,1.41376e-05,9.08822e-06,9.85912e-06,8.9382e-06,7.92095e-06,9.19731e-06,1.13863e-05,1.10334e-05,2.08062e-05],"e":[3.028e-06,3.1364e-06,2.5569e-06,2.5867e-06,2.2036e-06,2.4399e-06,3.107e-06,3.1622e-06,2.5133e-06,2.6022e-06,2.584e-06,3.1592e-06,3.1462e-06,2.3903e-06,2.4717e-06,2.4441e-06,2.9304e-06,2.3713e-06,2.1398e-06,3.1765e-06,2.7883e-06,2.9556e-06,2.8874e-06,2.6524e-06,2.4077e-06,3.0049e-06,2.9879e-06,3.1904e-06,2.5672e-06,2.5078e-06,3.1592e-06,3.1228e-06,2.6227e-06,2.6953e-06,2.7926e-06,2.5644e-06,2.27e-06,2.606e-06,2.8942e-06,3.0265e-06,2.2862e-06,3.0349e-06,2.4437e-06,3.1685e-06,2.9832e-06,3.0723e-06,2.9045e-06,2.9031e-06,3.2183e-06,3.0381e-06,3.0019e-06,2.905e-06,3.1892e-06,3.1362e-06,2.1203e-06,2.2691e-06,3.194e-06],"f":[1,1,1,1,2,2,1,1,1,1,1,2,2,2,2,1,2,1,1,2,2,1,1,2,2,2,2,3,1,1,3,3,1,1,1,2,2,2,2,2,2,3,2,2,1,1,1,1,1,1,1,1,1,1,1,1,3]}