{"phase": [0.1671, 0.17064, 0.93027, 0.22227, 0.90321, 0.02109, 0.07543, 0.08368, 0.8708, 0.91285, 0.68639, 0.08671, 0.82916, 0.83092, 0.98838, 0.62534, 0.51493, 0.51663, 0.61057, 0.6123, 0.466, 0.48929, 0.32653, 0.34717, 0.11401, 0.1192, 0.97263, 0.98561, 0.89245, 0.95066, 0.73554, 0.77487, 0.57505, 0.6775, 0.43244, 0.45492, 0.21282, 0.2163, 0.28029, 0.33024, 0.26302, 0.26388, 0.06903, 0.35456, 0.94918, 0.95091, 0.80425, 0.80776, 0.29882, 0.31775, 0.47821, 0.47994, 0.24368, 0.97101, 0.27872, 0.27959, 0.88645, 0.92187, 0.13402, 0.13575, 0.94226, 0.95881, 0.58532, 0.58617, 0.43531, 0.43704, 0.11769, 0.11854, 0.12353, 0.761, 0.76185, 0.64966, 0.70433, 0.65899, 0.68007, 0.50657, 0.68296, 0.46877, 0.27036, 0.2738, 0.6366, 0.63746, 0.24709, 0.24794, 0.64854, 0.6494, 0.50062, 0.5032, 0.50386, 0.50471, 0.37478, 0.37564, 0.57898, 0.57983, 0.35041, 0.35126, 0.20428, 0.20513, 0.83119, 0.83205, 0.87421, 0.87506, 0.53198, 0.61162, 0.42535, 0.42618, 0.45902, 0.45987, 0.36679, 0.36765, 0.26108, 0.26193, 0.71404, 0.41892, 0.43438, 0.43523, 0.52276, 0.52361, 0.35507, 0.35592, 0.21574, 0.2166, 0.94529, 0.94614, 0.79409, 0.79494, 0.61335, 0.6142, 0.61506, 0.61591, 0.3922, 0.39305, 0.13, 0.13085, 0.1446, 0.14545, 0.16908, 0.16994, 0.5108, 0.51168, 0.43169, 0.43254, 0.32974, 0.33059, 0.5053, 0.50615, 0.52069, 0.52154, 0.35072, 0.39383, 0.44564, 0.44649, 0.30942, 0.31027, 0.77274, 0.77359, 0.89764, 0.60827, 0.60917, 0.24993, 0.25082, 0.07231, 0.07318, 0.95715, 0.95804, 0.80352, 0.80442, 0.66788, 0.66876, 0.73583, 0.73673, 0.5984, 0.5993, 0.47035, 0.47125, 0.30354, 0.30443, 0.27796, 0.27886, 0.64957, 0.65046, 0.66003, 0.66092, 0.48581, 0.4867, 0.29284, 0.29372, 0.16053, 0.16143, 0.12434, 0.12521, 0.96939, 0.97028, 0.83078, 0.83168, 0.8988, 0.89969, 0.71551, 0.71641, 0.61587, 0.61674, 0.34296, 0.34384, 0.17072, 0.17162, 0.81577, 0.81667, 0.93529, 0.68113, 0.6953, 0.48506, 0.48596, 0.30105, 0.30194, 0.11748, 0.11838, 0.41669, 0.41758, 0.94457, 0.83672, 0.83762, 0.59545, 0.59635], "bjd": [2458356.889292, 2458356.891168, 2458359.93638, 2458368.021522, 2458371.025133, 2458377.960777, 2458384.862829, 2458385.924628, 2458386.869507, 2458387.949176, 2458388.886876, 2458422.936422, 2458423.857689, 2458423.858615, 2458423.94187, 2458424.807358, 2458425.806414, 2458425.807317, 2458425.856982, 2458425.857897, 2458426.83798, 2458426.850295, 2458427.821673, 2458427.832588, 2458429.824182, 2458429.826925, 2458430.806863, 2458430.813727, 2458431.821904, 2458431.85268, 2458432.796376, 2458432.817175, 2458434.826392, 2458434.880559, 2458435.808428, 2458435.820314, 2458436.749744, 2458436.751584, 2458436.785416, 2458436.811828, 2458437.833722, 2458437.834174, 2458438.788589, 2458438.93955, 2458439.782655, 2458439.78357, 2458441.820899, 2458441.822751, 2458443.668534, 2458443.678545, 2458443.763383, 2458443.764298, 2458447.869117, 2458449.839822, 2458455.818398, 2458455.818861, 2458457.725872, 2458457.744598, 2458482.706468, 2458482.707382, 2458483.662515, 2458483.671265, 2458487.70353, 2458487.703982, 2458488.681653, 2458488.682568, 2458491.686023, 2458491.686474, 2458492.746542, 2458494.669735, 2458494.670187, 2458495.668301, 2458495.69721, 2458505.718862, 2458505.730007, 2458723.998423, 2458730.965002, 2458734.024061, 2458734.976592, 2458734.978409, 2458739.928685, 2458739.929137, 2458743.952477, 2458743.952928, 2458748.923187, 2458748.923638, 2458749.902411, 2458749.903777, 2458750.961559, 2458750.962011, 2458751.950747, 2458751.951199, 2458758.932032, 2458758.932483, 2458760.926051, 2458760.926503, 2458761.906224, 2458761.906675, 2458765.938703, 2458765.939154, 2458765.961448, 2458765.961899, 2458766.837938, 2458766.880047, 2458767.838996, 2458767.839436, 2458767.856798, 2458767.857249, 2458768.865471, 2458768.865922, 2458770.924446, 2458770.924897, 2458775.92239, 2458776.823789, 2458776.831961, 2458776.832412, 2458777.936123, 2458777.936574, 2458778.904895, 2458778.905346, 2458779.888667, 2458779.889118, 2458782.917973, 2458782.918424, 2458783.895465, 2458783.895917, 2458785.914776, 2458785.915227, 2458785.915678, 2458785.91613, 2458786.855283, 2458786.855734, 2458787.774086, 2458787.774537, 2458787.781806, 2458787.782258, 2458788.852187, 2458788.852638, 2458803.836936, 2458803.837398, 2458804.852542, 2458804.852993, 2458805.856075, 2458805.856526, 2458811.764782, 2458811.765233, 2458811.772918, 2458811.77337, 2458812.74049, 2458812.763279, 2458812.790675, 2458812.791126, 2458831.752466, 2458831.752917, 2458861.605585, 2458861.606037, 2459869.935072, 2459871.896944, 2459871.897419, 2459874.879784, 2459874.880259, 2459876.900742, 2459876.901205, 2459877.897288, 2459877.897763, 2459878.873497, 2459878.873971, 2459879.859218, 2459879.859681, 2459879.895145, 2459879.89562, 2459880.879916, 2459880.88039, 2459881.86965, 2459881.870125, 2459882.838885, 2459882.839359, 2459883.882796, 2459883.88327, 2459888.837724, 2459888.838199, 2459897.831444, 2459897.831919, 2459899.854201, 2459899.854675, 2459900.80961, 2459900.810073, 2459901.797089, 2459901.797563, 2459902.835388, 2459902.835851, 2459903.810896, 2459903.811371, 2459904.795048, 2459904.795523, 2459904.831009, 2459904.831483, 2459905.791537, 2459905.792011, 2459906.796287, 2459906.79675, 2459909.824301, 2459909.824764, 2459910.790666, 2459910.79114, 2459913.775303, 2459913.775778, 2459923.884119, 2459924.807176, 2459924.814664, 2459933.691697, 2459933.692172, 2459935.709275, 2459935.70975, 2459937.72709, 2459937.727565, 2459953.746796, 2459953.747271, 2459956.669481, 2459957.669897, 2459957.670371, 2459968.645388, 2459968.645863],