{"p":[0.5918,0.4393,0.6431,0.038,0.0031,0.4472,0.8017,0.9036,0.8836,0.5619,0.0046,0.4961,0.3836],"b":[348.8609,634.9507,641.9423,669.9472,674.9292,695.8928,725.8223,1026.8819,1053.8623,1057.8949,1455.7393,1762.8725,1784.8625],"y":[0.000114478,8.27377e-06,1.38439e-05,1.42878e-05,-1.35206e-05,5.94724e-06,7.28168e-06,1.12481e-05,3.23656e-06,1.85995e-05,-6.88354e-06,7.08678e-06,-3.58683e-06],"e":[3.2982e-06,3.2068e-06,3.413e-06,3.3673e-06,3.1321e-06,3.4867e-06,3.4124e-06,3.4779e-06,3.1141e-06,3.4561e-06,3.4756e-06,3.3032e-06,3.357e-06],"f":[1,1,1,1,1,1,1,1,1,1,1,1,1]}