{"p":[0.4984,0.8498,0.2396,0.5226,0.5384,0.7197,0.0112,0.338,0.4283,0.7267,0.7957,0.3118,0.291,0.3014,0.641,0.6515,0.3682,0.0108,0.4935,0.4117,0.3572,0.2812,0.6633,0.159,0.0822,0.573,0.2028,0.2916,0.8254,0.2749,0.9572,0.1996,0.9387,0.3656,0.8845,0.4509,0.2825,0.5042,0.3844,0.2098,0.3459,0.6217,0.9125],"b":[247.8648,278.9019,607.918,616.9644,616.9658,617.9451,634.9628,635.8673,635.9628,638.8794,639.9365,640.8576,641.9068,641.9077,641.9375,641.9384,643.8405,645.9113,660.8436,672.8361,685.7068,693.7583,964.9654,970.9648,986.8992,998.9418,1012.8359,1014.8582,1017.7954,1017.8348,1018.858,1020.8938,1047.8481,1053.8415,1345.9067,1370.919,1438.6976,1438.7171,1458.6767,1484.6752,1697.9648,1766.8335,1840.696],"y":[1.68438e-05,9.32717e-06,1.4838e-05,2.20491e-05,1.95461e-05,1.10151e-05,2.06252e-07,1.94849e-05,1.50628e-05,6.37222e-06,6.48522e-06,9.56006e-06,1.41023e-05,1.67611e-05,1.86879e-05,1.57723e-05,4.44253e-06,-2.1318e-06,1.87583e-05,2.31838e-05,1.29649e-05,1.42713e-05,1.13604e-05,4.92799e-06,7.90128e-06,1.68702e-05,9.37709e-06,1.09062e-05,1.12814e-05,7.02641e-06,1.30398e-05,5.29816e-06,1.33269e-05,1.64544e-05,1.0643e-05,7.60155e-06,3.66252e-05,2.66853e-05,9.9346e-06,1.67654e-05,1.49545e-05,6.79612e-06,2.31721e-05],"e":[2.1941e-06,2.1368e-06,2.2461e-06,2.2629e-06,2.0622e-06,2.1975e-06,2.1942e-06,2.1971e-06,2.2612e-06,2.0211e-06,2.1409e-06,2.2525e-06,2.2493e-06,2.1896e-06,2.0609e-06,2.1063e-06,2.285e-06,2.1694e-06,1.865e-06,2.1371e-06,2.2944e-06,2.2531e-06,2.2917e-06,2.1136e-06,2.1564e-06,2.1495e-06,2.1894e-06,2.2425e-06,2.2785e-06,2.2758e-06,2.0939e-06,2.2235e-06,2.1766e-06,2.1588e-06,2.2468e-06,2.2202e-06,1.4752e-06,1.2787e-06,2.2478e-06,2.2765e-06,2.2424e-06,2.2198e-06,2.2743e-06],"f":[1,1,1,1,1,1,1,2,1,1,1,1,2,2,1,1,1,1,1,1,1,1,1,1,1,1,1,1,2,1,1,1,2,1,1,1,2,1,1,1,1,1,1]}