{"phase": [0.61238, 0.22252, 0.07359, 0.38013, 0.01242, 0.52161, 0.27803, 0.48383, 0.76833, 0.5016, 0.83607, 0.14881, 0.19134, 0.66758, 0.60037, 0.10024, 0.90919, 0.24101, 0.28907, 0.82674, 0.36503, 0.82423, 0.06376, 0.50573, 0.66142, 0.9396, 0.64047, 0.47578, 0.40528, 0.13303, 0.10741, 0.48535, 0.17213, 0.31263, 0.87446, 0.28063, 0.49066, 0.39675, 0.58349, 0.85427, 0.18296, 0.18501, 0.6189, 0.62095, 0.06263, 0.06467, 0.16591, 0.16796, 0.67733, 0.67938, 0.94871, 0.26145, 0.26349, 0.67919, 0.68124, 0.78227, 0.78431, 0.84837, 0.85042, 0.21297, 0.21502, 0.27428, 0.27632, 0.69915, 0.7012, 0.25985, 0.26189, 0.08751, 0.08956, 0.56784, 0.56989, 0.19811, 0.20015, 0.50218, 0.50422, 0.775, 0.77704, 0.43448, 0.58148, 0.58353, 0.88959, 0.89163, 0.45508, 0.45712, 0.73285, 0.7349, 0.03307, 0.03511, 0.42021, 0.42225, 0.37269, 0.37474, 0.8888, 0.89085, 0.35022, 0.35227, 0.1548, 0.15684, 0.53009, 0.53214, 0.21511, 0.21716, 0.44644, 0.44849, 0.66066, 0.66276, 0.56112, 0.56317, 0.3965, 0.39855, 0.27483, 0.27693, 0.60224, 0.60429, 0.34023, 0.34227, 0.1356, 0.1377, 0.35643, 0.35848, 0.33561, 0.33765, 0.75286, 0.75491, 0.79383, 0.79588, 0.12838, 0.13043, 0.22177, 0.22382, 0.17789, 0.17994, 0.54792, 0.54996, 0.51959, 0.52164, 0.97545, 0.9775, 0.90204, 0.90419, 0.24762, 0.24977, 0.13942, 0.14152, 0.89471, 0.89686, 0.24673, 0.24883, 0.01055, 0.0127, 0.93239, 0.93449, 0.93139, 0.93354, 0.89742, 0.89957, 0.65318, 0.65534, 0.37358, 0.37568, 0.82723, 0.82933, 0.11789, 0.11999, 0.90637, 0.99642, 0.43583, 0.43793, 0.00513, 0.00728], "bjd": [2458356.873621, 2458357.890443, 2458362.930522, 2458379.981413, 2458383.870426, 2458384.864983, 2458385.91407, 2458386.84171, 2458388.889517, 2458389.933497, 2458390.889516, 2458422.939996, 2458423.831625, 2458423.936665, 2458424.804091, 2458425.79659, 2458426.857262, 2458427.812697, 2458429.808357, 2458430.809194, 2458431.810169, 2458432.793699, 2458434.83159, 2458435.811319, 2458436.727908, 2458436.789264, 2458437.826097, 2458438.892583, 2458439.759282, 2458439.919795, 2458443.6637, 2458443.747058, 2458449.853713, 2458455.839877, 2458457.728292, 2458471.713289, 2458476.832542, 2458483.649252, 2458492.733486, 2458507.791431, 2458716.956771, 2458716.957222, 2458723.0081, 2458723.008551, 2458723.988217, 2458723.988668, 2458724.010997, 2458724.011448, 2458725.006046, 2458725.006498, 2458725.948151, 2458726.017127, 2458726.017579, 2458726.991515, 2458726.991966, 2458727.014249, 2458727.0147, 2458734.969064, 2458734.969515, 2458737.916787, 2458737.917239, 2458739.915368, 2458739.915819, 2458740.891328, 2458740.891779, 2458741.897244, 2458741.897695, 2458748.91722, 2458748.917671, 2458749.905411, 2458749.905862, 2458750.926671, 2458750.927123, 2458750.993737, 2458750.994189, 2458751.936159, 2458751.936611, 2458758.919041, 2458760.936523, 2458760.936974, 2458761.886727, 2458761.887179, 2458764.878759, 2458764.879211, 2458764.940026, 2458764.940477, 2458765.88849, 2458765.888942, 2458765.973879, 2458765.97433, 2458766.845647, 2458766.846098, 2458767.841729, 2458767.842181, 2458768.825749, 2458768.826201, 2458769.885457, 2458769.885908, 2458770.850481, 2458770.850932, 2458771.883818, 2458771.88427, 2458772.81709, 2458772.817541, 2458776.834455, 2458776.834918, 2458777.915311, 2458777.915763, 2458778.981814, 2458778.982265, 2458779.837225, 2458779.837688, 2458779.90944, 2458779.909892, 2458781.836708, 2458781.837159, 2458782.894385, 2458782.894848, 2458783.82534, 2458783.825791, 2458785.805806, 2458785.806258, 2458785.897837, 2458785.898288, 2458786.789122, 2458786.789573, 2458786.86291, 2458786.863362, 2458787.765757, 2458787.766208, 2458788.85889, 2458788.859341, 2458788.940502, 2458788.940954, 2458797.756739, 2458797.75719, 2458811.752694, 2458811.753145, 2459861.832531, 2459861.833006, 2459861.908752, 2459861.909227, 2459870.927932, 2459870.928395, 2459874.844075, 2459874.84455, 2459874.921719, 2459874.922182, 2459876.854684, 2459876.855158, 2459877.940257, 2459877.94072, 2459881.910152, 2459881.910626, 2459882.784908, 2459882.785382, 2459883.83385, 2459883.834324, 2459905.828387, 2459905.82885, 2459906.810693, 2459906.811156, 2459908.859859, 2459908.860322, 2459910.798266, 2459910.818127, 2459930.765631, 2459930.766094, 2459983.605533, 2459983.606007], "y": [0.0006219729653549, 0.0006235239992218, 0.0006239208469462, 0.0005359791836976, 0.000198672554504, 0.0005390574138126, 0.0005298562298554, 0.0006166300840584, 0.0005300833465665, 0.0005268095221745, 0.0005360034428525, 0.0005239351365022, 0.0006071341023479, 0.0005301291958974, 0.0006230590885871, 0.0006238525672859, 0.0005328861900817, 0.0005293317149268, 0.0006041816354229, 0.0005367574093235, 0.0006208608226511, 0.000622055804865, 0.0006075715374128, 0.000635711302579, 0.0005124545043231, 0.0006245256128946, 0.0006300488112094, 0.0005244468261239, 0.000642781401024, 0.0005418378781766, 0.000616631004166, 0.0005310911491711, 0.0006445083759856, 0.0006125284830468, 0.0006160544360761, 0.0006160392008581, 0.0006168837509001, 0.0005259587376456, 0.0005186531728683, 0.0006180617308994, 0.0006235031577437, 0.0006209711004557, 0.0006158821597816, 0.000631353203318, 0.0005305194181431, 0.0005327482883075, 0.0006073405806983, 0.0006141028965559, 0.0006211741156073, 0.0006303617283256, 0.000547381180236, 0.0006259869728535, 0.0006173483249829, 0.0005298172898201, 0.0005352579322355, 0.0006294125841091, 0.0006280761870749, 0.0005354686610573, 0.0005367721129836, 0.0005328017425032, 0.0005275279224152, 0.0005977790219627, 0.0006288193892784, 0.0006374865220518, 0.0006322651231646, 0.0006160566620321, 0.0006137401967722, 0.0006125406626276, 0.0006205423968618, 0.0005430296601308, 0.000529194855915, 0.0005375076874065, 0.0005418962606742, 0.0006244410163201, 0.0006170449219774, 0.0005331193519042, 0.0005368297613425, 0.0005261125813539, 0.0005357607810601, 0.0005459333125265, 0.0006093067317258, 0.0006104904713298, 0.0005230103840568, 0.0005291046232664, 0.0006213247399303, 0.0006437803471039, 0.0006081954806419, 0.0005879735704812, 0.0005298304415328, 0.0005329964178077, 0.0005388939081755, 0.0005257550155514, 0.0005346332486969, 0.0005123124494195, 0.0005142193681923, 0.0005337040194765, 0.0006161894549842, 0.000614958184373, 0.0006305751770537, 0.0006275578018249, 0.0006117044663788, 0.000607682614476, 0.0005464877895062, 0.0005359843913013, 0.0006302085820835, 0.0006305556146882, 0.0006262444118186, 0.0006174695538655, 0.0006388107203205, 0.0006453237302903, 0.0006161894003533, 0.0006206698562348, 0.0005281742049261, 0.0005323089270511, 0.000633426720907, 0.0006249065657648, 0.0006141651772047, 0.0006203274576171, 0.0006289115765644, 0.0006225810091083, 0.0006320452629799, 0.0006105791254523, 0.0005313745465084, 0.000532718024037, 0.0005284804045324, 0.000534149062718, 0.0006166376846687, 0.0006387986689903, 0.0006204214051987, 0.0006456070665029, 0.0006226864933821, 0.0006302846687933, 0.0005430874114215, 0.0005292902875315, 0.0005251532730193, 0.0005516646340133, 0.00052795709522, 0.0003558103630606, 0.0006155142607019, 0.0006081520173854, 0.0005322193362417, 0.0005288389102824, 0.0006267511729868, 0.0006192062427644, 0.0006110601898074, 0.0006122902727264, 0.0005333257297331, 0.0005290907985233, 0.0006132821186734, 0.0006133806975319, 0.0003499986485351, 9.733671624903048e-05, 0.0004568021933984, 0.0002034989265304, 0.0005994676860836, 0.000606924610165, 0.0006243545474609, 0.0006330300500454, 0.0006265549597579, 0.0006314951725233, 0.0006137639916801, 0.0005944925148883, 0.0006277038585307, 0.0006234135248545, 0.0006091978728848, 0.0005949126671034, 0.0005323004060948, 0.0005284684864111, 0.0005334346434549, 0.0005356437736631],