{"p":[0.4742,0.4774,0.3834,0.6835,0.6867,0.4361,0.4393,0.2141,0.2173,0.1607,0.1639,0.6563,0.6595,0.0548,0.0579,0.1479,0.1511,0.3891,0.3923,0.8598,0.7814,0.3911,0.0441,0.9965,0.542,0.3096,0.0508,0.2782,0.2352,0.7058,0.0789,0.7094,0.7226,0.4836,0.6092,0.8476,0.4735,0.0331,0.9207,0.5889,0.8059,0.6379,0.8179,0.9908,0.903,0.6351,0.9402,0.6936,0.1114,0.7482,0.3726,0.3757,0.8857,0.8888,0.6412,0.6443,0.7085,0.7116,0.1624,0.1655,0.2631,0.2663,0.0435,0.0467,0.251,0.2541,0.1789,0.0871,0.0902,0.6461,0.6759,0.6913,0.6944,0.3319,0.335,0.3867,0.3898,0.4775,0.4806,0.5439,0.5533,0.3461,0.3493,0.9133,0.3343,0.1359,0.139,0.9318,0.9349,0.8218,0.7813,0.7844,0.8393,0.8424,0.3973,0.4004,0.9264,0.9295,0.397,0.4001,0.7121,0.7152,0.7998,0.8029,0.6982,0.7013,0.4491,0.4523,0.3939,0.5402,0.5654,0.4957,0.5279,0.1667,0.8139,0.7571,0.3577,0.2806,0.2838,0.3362,0.5225,0.5257,0.03,0.0398,0.8565,0.8729,0.7798,0.7831,0.2006,0.2038,0.5823,0.5856,0.4709,0.4742],"b":[300.9865,300.9869,310.9409,332.9416,332.9421,333.9171,333.9176,334.8962,334.8967,335.8997,335.9002,336.838,336.8385,336.8956,336.8961,337.9202,337.9207,337.9551,337.9555,338.8898,340.9009,344.8893,345.8504,348.8771,350.8338,353.8338,354.8076,356.8629,359.8903,360.825,360.8789,361.8367,362.8498,363.8265,364.8558,365.9015,366.8586,368.8174,369.8124,372.798,372.8294,373.8163,374.8535,379.79,380.7885,382.7722,384.8387,386.8254,389.7749,443.6048,662.9803,662.9807,669.9883,669.9887,690.8992,690.8996,691.9201,691.9206,694.8748,694.8753,695.9006,695.901,696.88,696.8805,697.9212,697.9217,698.922,700.9311,700.9316,716.9021,716.9064,717.9198,717.9203,719.8903,719.8908,722.9318,722.9323,725.8341,725.8345,735.8112,735.8125,751.8173,751.8178,757.6775,757.7383,764.788,764.7885,766.7809,766.7814,767.7762,770.804,770.8044,771.8236,771.824,772.7709,772.7714,774.7253,774.7257,778.6936,778.694,779.7503,779.7508,786.6969,786.6973,787.6934,787.6939,790.691,790.6915,1047.9604,1048.9927,1053.9079,1055.9202,1056.9361,1059.9175,1060.8777,1062.8919,1066.879,1067.8791,1067.8795,1070.9207,1071.9588,1071.9593,1860.7656,1860.7671,1864.7854,1864.7877,1871.7082,1871.7087,1878.7029,1878.7034,1880.636,1880.6365,1882.6423,1882.6428],"y":[0.000150059,0.000142235,9.80607e-05,0.000113822,0.000117187,0.000141255,0.000142624,0.000111401,0.000107699,0.000102181,0.000106262,0.000135724,0.000131282,0.000104551,0.000105779,0.000134574,0.000131078,0.000111507,0.00011738,0.00012596,0.000102436,0.000132539,0.000106349,-6.90158e-06,0.000133268,0.000110601,0.000103758,0.000101475,0.00010985,0.000109372,0.000132418,0.000109853,0.000114387,0.000134795,0.000114006,0.000104685,0.00012189,-3.78877e-06,0.000131201,0.000135784,0.000108198,0.000106034,0.000106014,-3.3377e-06,0.000107593,0.000142347,0.000127028,0.000104559,0.000101254,0.00011273,0.000112989,0.000112171,0.000138685,0.000132532,0.000120925,0.000115406,0.000106539,0.000107709,0.000105023,0.000106769,0.000138036,0.000137217,0.000105445,0.000103096,0.000109284,0.00010879,0.000103364,0.000103188,0.000100425,0.000121193,0.000110557,0.000142284,0.000138152,0.000120428,0.000110861,0.000141352,0.000145973,0.00014428,0.000143055,0.000125835,0.000114167,0.000111626,0.000112567,0.000136063,0.000104741,0.000140892,0.000134175,0.000140717,0.00012872,0.000122026,0.000101752,0.000104145,0.000100759,9.24462e-05,0.000137997,0.000160158,0.000109005,0.00010326,0.00014915,0.000143446,0.000110335,0.0001059,0.000138357,0.000136845,0.000107815,0.000106256,0.000109258,0.000111331,0.000142996,0.00014715,0.000139992,0.000140619,0.000142251,0.000133035,0.000138873,0.000140468,0.000146738,0.000135448,0.000152051,0.000145132,0.000138201,0.000141543,-7.19436e-06,8.99599e-05,9.88159e-05,9.99038e-05,0.000102306,0.000104338,0.000143909,0.000139792,0.000112751,0.000112526,0.000149604,0.000144297],"e":[8.8563e-06,9.0812e-06,4.2235e-06,5.9261e-06,5.9088e-06,5.5379e-06,5.5496e-06,4.0032e-06,3.9118e-06,3.6444e-06,3.6052e-06,4.2573e-06,4.2442e-06,3.727e-06,3.5314e-06,4.2627e-06,4.302e-06,3.7492e-06,3.7013e-06,4.3686e-06,5.1345e-06,4.171e-06,3.758e-06,4.3765e-06,4.4732e-06,4.7484e-06,5.5447e-06,8.4084e-06,6.1457e-06,5.7504e-06,8.6618e-06,4.1434e-06,3.8726e-06,5.0277e-06,3.6719e-06,4.0334e-06,3.6528e-06,3.3445e-06,4.0723e-06,4.1924e-06,3.4731e-06,3.9353e-06,3.5747e-06,3.6669e-06,3.8797e-06,5.9124e-06,1.089e-05,8.253e-06,4.5315e-06,6.0141e-06,3.9194e-06,4.2573e-06,6.2775e-06,6.2259e-06,3.6163e-06,3.5359e-06,3.5729e-06,3.5453e-06,3.4251e-06,3.2974e-06,4.1689e-06,4.141e-06,3.3498e-06,3.2747e-06,3.3886e-06,3.3698e-06,3.8699e-06,3.4326e-06,3.2564e-06,4.5632e-06,4.6636e-06,5.4097e-06,5.3351e-06,4.3744e-06,4.3807e-06,4.3817e-06,4.3923e-06,4.2329e-06,4.1944e-06,5.4184e-06,5.2816e-06,4.3344e-06,4.4072e-06,4.6804e-06,3.7492e-06,6.6577e-06,6.267e-06,9.2236e-06,9.3687e-06,2.1552e-05,1.0608e-05,1.1055e-05,9.8374e-06,8.9478e-06,1.0517e-05,9.8577e-06,5.911e-06,5.686e-06,4.6934e-06,4.5075e-06,4.3804e-06,4.4489e-06,4.7775e-06,4.7584e-06,7.2154e-06,7.0896e-06,5.8628e-06,5.3234e-06,4.1192e-06,5.2852e-06,4.0214e-06,4.1275e-06,4.2049e-06,4.1902e-06,4.4205e-06,6.9164e-06,9.0538e-06,7.4948e-06,7.5306e-06,5.2837e-06,4.9585e-06,4.9587e-06,9.1576e-06,9.1433e-06,6.0011e-06,5.7816e-06,3.9014e-06,3.9534e-06,4.4208e-06,4.3949e-06,4.3035e-06,3.7163e-06,4.5757e-06,4.5604e-06],"f":[1,1,2,2,2,1,1,2,2,2,2,1,1,2,2,1,1,2,2,1,2,1,2,1,1,2,2,2,2,2,1,2,2,1,2,2,2,2,1,1,2,2,2,2,2,1,1,2,2,2,2,2,1,1,2,2,2,2,2,2,1,1,2,2,2,2,2,2,2,2,2,1,1,2,2,1,1,1,1,2,2,2,2,1,2,1,1,1,1,1,2,2,2,2,1,1,2,2,1,1,2,2,1,1,2,2,2,2,1,1,1,1,1,1,1,1,1,1,1,1,1,1,1,1,2,2,2,2,1,1,2,2,1,1]}