{"p":[0.8852,0.1514,0.7217,0.1888,0.6866,0.0817,0.9643,0.4017,0.9057,0.5759,0.7868,0.0809,0.42,0.5103,0.6778,0.6347,0.2748,0.9335,0.0975,0.1726,0.2688,0.9821,0.3298,0.3333,0.3265,0.33,0.4154,0.419,0.5969,0.6004,0.3711,0.3746,0.4423,0.4458,0.0333,0.309,0.2984,0.3019,0.3039,0.3074,0.0128,0.0164,0.6264,0.6299,0.7494,0.7529,0.4973,0.5008,0.1827,0.1898,0.7763,0.7834,0.1722,0.1758,0.5021,0.5055,0.7327,0.7362,0.8088,0.8123,0.2321,0.2497,0.008,0.0151,0.0629,0.0664,0.0018,0.0053,0.055,0.0585,0.8304,0.8339,0.1546,0.8645,0.8718,0.5042,0.5079,0.9501,0.9538,0.9054,0.909,0.1928,0.1964,0.4897,0.4933,0.7409,0.7445,0.4012,0.4049,0.1527,0.1564,0.7195,0.7232,0.6754,0.6791,0.243,0.2467,0.0631,0.0668,0.8107,0.8144,0.7606,0.7643,0.2215,0.2252,0.5218,0.5255,0.5583,0.562,0.3553,0.359,0.2466,0.2502,0.3119,0.2867,0.2904],"b":[427.8881,430.8708,432.8669,435.8753,436.8366,439.8358,439.9489,442.8254,443.7874,443.8733,447.8746,448.9379,449.8787,476.9404,481.9617,504.7757,505.7551,534.8126,534.8337,540.7405,558.7007,561.7408,741.0083,741.0087,748.9562,748.9567,749.9932,749.9937,758.9905,758.9909,766.0125,766.0129,767.9446,767.9451,768.9178,768.9531,770.8747,770.8752,771.901,771.9015,773.0175,773.018,773.8654,773.8658,776.9579,776.9584,783.9766,783.977,799.833,799.8339,805.0371,805.038,807.0108,807.0113,827.8214,827.8219,828.7484,828.7489,830.8094,830.8098,833.8122,833.8145,854.68,854.6809,864.6866,864.6871,876.7295,876.73,879.6849,879.6854,881.7073,881.7078,914.6962,1092.9845,1092.9855,1121.9114,1121.9119,1129.917,1129.9174,1135.0392,1135.0397,1136.8709,1136.8713,1137.9345,1137.935,1142.9665,1142.967,1144.9741,1144.9746,1149.8139,1149.8143,1151.8095,1151.81,1152.8295,1152.8299,1871.9734,1871.9738,1881.9499,1881.9503,1894.8657,1894.8661,1934.8575,1934.858,1979.7864,1979.7869,1980.7223,1980.7228,1980.8552,1980.8556,1982.7521,1982.7526,1983.7638,1983.7643,1992.7461,1993.7685,1993.769],"y":[0.000101663,9.78497e-05,0.000136763,0.000145815,0.000146011,0.000142364,9.64792e-05,0.000125306,9.19077e-05,0.00013504,0.000123817,0.00012416,0.000132785,0.000136432,0.000126008,0.000147648,0.000107782,9.91475e-05,0.000137026,0.000133539,0.000139387,1.54706e-05,0.000142614,0.000134272,0.000140353,0.000136247,9.48728e-05,9.96874e-05,9.5096e-05,9.28926e-05,9.80883e-05,0.000101686,8.94509e-05,9.14931e-05,9.08217e-05,0.000102919,0.000141983,0.000132215,0.000148225,0.000134735,4.23765e-05,3.99986e-05,0.000131863,0.000134888,0.000138893,0.000137031,0.000131079,0.000137518,0.000133243,0.000149225,0.00014461,0.000144258,0.000135976,0.00014281,0.000129259,0.000135642,0.000142101,0.000139858,0.000134149,0.000133009,0.000147539,0.000126451,4.90393e-05,4.1822e-05,9.55535e-05,0.000104057,7.71801e-06,4.6495e-06,9.74893e-05,9.49117e-05,9.77313e-05,9.30559e-05,0.000107798,9.88433e-05,9.03027e-05,9.51073e-05,7.95768e-05,9.57891e-05,0.000100566,9.58746e-05,9.28458e-05,9.49189e-05,9.3805e-05,9.79074e-05,9.95094e-05,9.10515e-05,8.94985e-05,9.82734e-05,9.16414e-05,0.000101513,8.884e-05,8.63748e-05,7.92636e-05,9.27633e-05,9.31584e-05,9.91058e-05,0.000103305,9.48755e-05,9.9766e-05,9.93851e-05,0.000122816,0.000138986,0.000136196,0.000104294,9.46315e-05,9.21692e-05,0.000106773,0.000135633,0.000132839,0.000157087,0.000135633,0.000144063,0.000140834,8.4639e-05,9.32952e-05,0.000104006],"e":[1.3758e-05,3.6426e-06,5.2858e-06,6.5676e-06,9.1974e-06,5.2106e-06,3.8991e-06,1.8228e-05,7.7009e-06,6.2694e-06,8.1083e-06,6.9477e-06,8.5965e-06,6.2873e-06,6.0628e-06,1.1282e-05,1.1581e-05,8.5472e-06,7.4423e-06,4.827e-06,9.1077e-06,1.1934e-05,7.557e-06,7.1638e-06,5.6869e-06,5.5837e-06,4.9874e-06,5.3229e-06,4.0215e-06,4.0125e-06,3.7463e-06,3.8624e-06,8.4581e-06,7.4499e-06,8.0616e-06,6.805e-06,1.1408e-05,1.0997e-05,1.1215e-05,1.0039e-05,7.5422e-06,7.316e-06,8.2507e-06,7.4754e-06,6.4941e-06,6.1935e-06,7.5951e-06,7.115e-06,9.2512e-06,8.2033e-06,7.8918e-06,8.4094e-06,5.2174e-06,5.5997e-06,7.5429e-06,7.6146e-06,1.8762e-05,1.966e-05,7.2729e-06,7.1947e-06,1.4553e-05,1.5275e-05,1.1262e-05,1.1456e-05,4.5481e-06,4.3529e-06,3.6709e-06,3.665e-06,4.5745e-06,4.7963e-06,5.1574e-06,4.8809e-06,1.8048e-05,5.4711e-06,5.2217e-06,7.9262e-06,8.0709e-06,7.0081e-06,6.9054e-06,7.3377e-06,6.4963e-06,4.0864e-06,4.0324e-06,3.9862e-06,3.9546e-06,3.6424e-06,3.625e-06,3.4914e-06,3.5516e-06,1.1016e-05,1.1783e-05,1.1221e-05,1.0084e-05,9.8347e-06,9.8393e-06,5.5597e-06,5.3703e-06,4.1518e-06,4.1458e-06,9.7814e-06,1.0196e-05,4.7347e-06,4.6283e-06,1.0564e-05,9.7903e-06,8.1242e-06,8.0377e-06,8.2215e-06,7.8502e-06,8.9117e-06,8.999e-06,8.1316e-06,7.9071e-06,1.8306e-05,6.5059e-06,6.2962e-06],"f":[1,1,2,2,2,2,1,2,1,2,2,2,2,2,2,2,1,1,2,2,2,1,2,2,2,2,1,1,1,1,1,1,1,1,1,1,2,2,2,2,2,2,2,2,2,2,2,2,2,2,2,2,2,2,2,2,2,2,2,2,2,2,2,2,1,1,1,1,1,1,1,1,1,1,1,1,1,1,1,1,1,1,1,1,1,1,1,1,1,1,1,1,1,1,1,1,1,1,1,1,1,2,2,1,1,1,1,2,2,2,2,2,2,1,1,1]}