{"phase": [0.35477, 0.35158, 0.37329, 0.96771, 0.34231, 0.3886, 0.22348, 0.06738, 0.27313, 0.9624, 0.88118, 0.21455, 0.82493, 0.09903, 0.73926, 0.33548, 0.67426, 0.67739, 0.21838, 0.39919, 0.40232, 0.81109, 0.81422, 0.12358, 0.12671, 0.29838, 0.30151, 0.78078, 0.78391, 0.78017, 0.7833, 0.54303, 0.54616, 0.60637, 0.6095, 0.13547, 0.1386, 0.12564, 0.12877, 0.90433, 0.90746, 0.91957, 0.60946, 0.35096, 0.35409, 0.93118, 0.93431, 0.80941, 0.81254, 0.3438, 0.34693, 0.34002, 0.8656, 0.86873, 0.74025, 0.7433, 0.50667, 0.5098, 0.40024, 0.40337, 0.28275, 0.28589, 0.46063, 0.80214, 0.80535, 0.98981, 0.99302, 0.25141, 0.25462, 0.15878, 0.2951, 0.0209, 0.02411, 0.99142, 0.99464, 0.96872, 0.04483, 0.99815, 0.61505, 0.61835, 0.63075, 0.63396, 0.39686, 0.40007, 0.6756, 0.67882, 0.96474, 0.96795, 0.24212, 0.24549, 0.34592, 0.34921, 0.50168, 0.50497, 0.48256, 0.48585, 0.49032, 0.49361, 0.35093, 0.35414, 0.83722, 0.84051, 0.8143, 0.81759, 0.09433, 0.09754, 0.88702, 0.89031, 0.74883, 0.25602, 0.39015, 0.39336, 0.85366, 0.00047, 0.8162, 0.81949, 0.90224, 0.2267, 0.22999, 0.68458, 0.75979, 0.52175, 0.52504, 0.91157, 0.91486, 0.72141, 0.7247], "bjd": [2458356.89162, 2458384.862429, 2458386.884103, 2458423.880348, 2458425.808722, 2458427.833941, 2458429.82868, 2458430.815445, 2458431.854383, 2458432.818853, 2458435.834961, 2458436.748117, 2458457.742484, 2458482.725455, 2458483.682855, 2458727.003509, 2458734.982354, 2458734.982805, 2458739.962987, 2458740.998329, 2458740.99878, 2458746.969171, 2458746.969623, 2458748.88859, 2458748.889042, 2458749.923065, 2458749.923517, 2458758.93189, 2458758.932341, 2458760.950347, 2458760.950798, 2458761.925428, 2458761.92588, 2458766.836741, 2458766.837193, 2458773.833755, 2458773.834206, 2458775.850883, 2458775.851334, 2458776.828246, 2458776.828697, 2458777.839716, 2458777.939186, 2458778.911187, 2458778.911638, 2458783.897026, 2458783.897477, 2458787.772377, 2458787.772829, 2458812.792877, 2458812.793329, 2458828.796512, 2458833.774472, 2458833.774923, 2458859.709121, 2458859.709561, 2458860.684716, 2458860.685168, 2458861.678643, 2458861.679094, 2458876.656611, 2458876.657062, 2459061.955865, 2459084.93001, 2459084.930473, 2459091.012704, 2459091.013167, 2459091.915512, 2459091.915975, 2459092.91143, 2459092.931084, 2459107.021366, 2459107.021829, 2459118.984205, 2459118.984668, 2459120.855295, 2459120.866268, 2459121.868811, 2459129.887756, 2459129.888231, 2459130.899292, 2459130.899755, 2459131.874841, 2459131.875304, 2459135.80794, 2459135.808403, 2459136.858901, 2459136.859364, 2459867.900598, 2459867.901084, 2459869.934109, 2459869.934583, 2459873.849476, 2459873.84995, 2459874.855991, 2459874.856466, 2459879.903473, 2459879.903947, 2459881.901921, 2459881.902384, 2459882.837126, 2459882.8376, 2459883.843094, 2459883.843568, 2459896.85983, 2459896.860293, 2459897.839213, 2459897.839687, 2459900.847106, 2459904.813142, 2459904.832481, 2459904.832944, 2459906.773674, 2459906.794842, 2459910.805363, 2459910.805838, 2459913.701405, 2459913.748185, 2459913.74866, 2459923.762747, 2459923.773592, 2459933.687815, 2459933.68829, 2459935.762564, 2459935.763039, 2459937.753692, 2459937.754167], "y": [5.166618216646251e-05, 1.881652124705069e-05, 4.501082574624281e-05, 4.022620587071802e-05, 5.090602436548233e-05, 2.302237999571902e-05, 6.119716326582103e-05, 1.5000044950355768e-05, 4.288439457171923e-05, 3.3842231638832165e-05, 5.803539988566296e-05, 1.4184506172419744e-05, 6.06993509954697e-05, 6.149523695126597e-05, 2.074397054682653e-05, 1.8986020517232045e-05, 2.1115058749693007e-05, 2.195996503231057e-05, 6.342262397683425e-05, 4.873791071304331e-05, 5.3576073931174256e-05, 1.3533793442082575e-05, 1.7966711966945903e-05, 4.674673553518208e-05, 5.448921905791871e-05, 1.664156216736998e-05, 2.1023694879148934e-05, 2.139104469957397e-05, 2.1168892260970883e-05, 1.996188569897321e-05, 1.7940998010905388e-05, 4.449670993066444e-05, 4.499348464816367e-05, 2.0454662076735952e-05, 1.7311713517152166e-05, 5.472127899548326e-05, 4.447087469402928e-05, 5.257057280723783e-05, 5.131036882668933e-05, 4.639247822805671e-05, 4.540041406083139e-05, 4.018440763468644e-05, 4.703820137321949e-05, 5.212178581554528e-05, 5.256496304420996e-05, 3.712869497068571e-05, 3.934427906650917e-05, 6.057442771712561e-05, 5.284338236382111e-05, 4.750080804906384e-05, 4.8544630968978415e-05, 7.224559697024486e-08, 4.869397157851367e-05, 5.9210634163753856e-05, 5.672101276950655e-05, 5.935301752864815e-05, 3.005680961586614e-05, 3.828508116719934e-05, 4.175342534212753e-05, 5.586993747803296e-05, 1.963077482893444e-05, 2.0112299699015584e-05, 4.362691259502041e-05, 2.366857740030795e-05, 1.9043960214127517e-05, 3.800362814879474e-05, 4.553450668478718e-05, 2.1069975383338467e-05, 1.0576229625454664e-05, 1.9216249096659275e-05, 1.7080620898211686e-05, 1.3158968063295414e-05, 2.317657358379377e-05, 1.767372012996876e-05, 1.674406314900042e-05, 9.182751682030708e-06, 1.5527907635648608e-05, 1.0306647748848882e-05, 1.241819233509557e-05, 2.2209200200381636e-05, 2.2625777560982657e-05, 1.8883066542075796e-05, 2.330228241200204e-05, 2.0400416179299547e-05, 2.233656626891024e-05, 2.095254836755121e-05, 1.3727721226969542e-05, 2.152884655986586e-05, 6.181031379152635e-05, 5.078338291880621e-05, 2.205073693553673e-05, 1.86269142902358e-05, 1.7996462599281142e-05, 2.8929558131162083e-05, 4.628312570282027e-05, 4.226754246542749e-05, 4.293272721709931e-05, 4.705034643261031e-05, 1.7692212090310933e-05, 1.7044351640708015e-05, 5.0260168205350605e-05, 5.262483120592697e-05, 4.705083819434513e-05, 5.7644183419597774e-05, 3.384498235387421e-05, 4.140225611755538e-05, 6.173210446511622e-05, 5.8968218021126165e-05, 1.3975205601187387e-05, 1.7833897613740863e-05, 5.391519618694686e-05, 5.6903045285870425e-05, 2.1890667989314367e-05, 1.9933283287975665e-05, 5.567741767335442e-05, 5.6806731691794045e-05, 6.211381449466694e-05, 5.615993303468657e-05, 6.128102517932562e-05, 1.9005746000439697e-05, 1.7167738180033003e-05, 4.084652180127307e-05, 4.1938226385631965e-05, 1.5462405524257863e-05, 2.0880624232946024e-05, 4.597430278078662e-05, 4.440663145465984e-05],