{"p":[0.732,0.1595,0.1607,0.7538,0.7549,0.3284,0.3296,0.4805,0.6797,0.9908,0.5254,0.3003,0.1173,0.7784,0.3551,0.8069,0.426,0.0709,0.6097,0.3166,0.4237,0.1424,0.2235,0.7749,0.8,0.9319,0.0346,0.1994,0.5294,0.1664,0.1675,0.8571,0.8582,0.4676,0.4687,0.0391,0.0403,0.6773,0.2646,0.4588,0.4623,0.7352,0.7364,0.4723,0.4735,0.8386,0.6391,0.6403,0.3208,0.1697,0.1708,0.7338,0.7349,0.1972,0.1983,0.6138,0.6173,0.2401,0.2413,0.4958,0.19,0.1912,0.7628,0.7663,0.9875,0.959,0.6256,0.0064,0.2088,0.8302,0.5428,0.164,0.5018,0.2398,0.776,0.4142,0.1014,0.5403,0.1197,0.5077,0.5089,0.6777,0.748,0.58,0.5812,0.8312,0.8336,0.9405,0.9417,0.6575,0.6587,0.0833,0.0845,0.8818,0.883,0.2562,0.2574,0.8863,0.8876,0.6593,0.6617,0.1947,0.7727,0.7738,0.9714,0.9726,0.3943,0.3956,0.2438,0.245,0.3318,0.3331,0.3441,0.3454,0.5114,0.5126,0.2447],"b":[333.9584,334.8974,334.8978,335.9009,335.9013,336.8968,336.8972,338.8896,340.9007,344.8891,345.8695,348.8768,353.8345,359.8923,360.889,361.8373,362.8504,363.8735,364.8555,365.9026,369.812,372.7977,372.829,373.816,380.7881,382.7732,389.7754,443.6051,690.9013,691.9213,691.9217,694.8961,694.8965,695.9058,695.9063,696.9005,696.901,697.921,698.9218,700.9309,700.9323,716.8969,716.8973,719.8896,719.89,725.8333,735.8131,735.8136,757.7379,770.8308,770.8313,771.8226,771.8231,772.7755,772.7759,773.7102,773.7116,774.7261,774.7266,778.6931,786.6977,786.6982,787.6929,787.6942,1027.9858,1046.9283,1047.9597,1053.9091,1055.9214,1056.9354,1059.9187,1060.9326,1061.8368,1062.8959,1063.8769,1064.8974,1065.9368,1066.8802,1067.8779,1071.8961,1071.8965,1071.9618,1071.989,1073.8581,1073.8585,1075.8892,1075.8902,1077.8655,1077.866,1078.9165,1078.917,1079.8548,1079.8553,1080.9373,1080.9377,1081.8557,1081.8562,1082.8731,1082.8735,1085.8797,1085.8806,1088.7944,1089.7916,1089.792,1860.7713,1860.7718,1864.803,1864.8034,1871.7072,1871.7077,1878.7038,1878.7043,1880.6426,1880.643,1882.6413,1882.6417,1897.6235],"y":[0.000205355,0.000502356,0.0005121,0.000591117,0.000581303,0.000540358,0.000544071,0.000193209,0.000591281,0.000126091,0.00055085,0.000192407,0.000498866,0.000588014,0.000197667,0.000568362,0.000537453,0.000171836,0.000552757,0.000541278,0.000191624,0.000184348,0.000521821,0.000591675,0.000550974,0.000187816,0.000530464,0.000541323,0.000571212,0.000531148,0.000543741,0.000539008,0.000543898,0.000193665,0.000195123,0.000504345,0.000491315,0.000596011,0.000554622,0.000557141,0.00056285,0.000602519,0.000567846,0.000559445,0.000567544,0.000192109,0.000601149,0.000577962,0.000572108,0.000561127,0.000536744,0.000569557,0.000572294,0.000184949,0.000277902,0.000623798,0.000649615,0.000559572,0.000558754,0.000199218,0.000184033,0.000189343,0.00056478,0.000561139,0.000445797,0.000509944,0.000207946,0.000129271,0.000202775,0.000187759,0.000192684,0.000553429,0.000558294,0.0001946,0.000538977,0.000545986,0.000534393,0.000203442,0.000184621,0.000551893,0.00055459,0.000229042,0.000198508,0.000197243,0.000194822,0.000181794,0.00018969,0.000182007,0.000186623,0.000194407,0.000195097,0.000192731,0.00018762,0.000187769,0.000183535,0.000206341,0.000200116,0.000188551,0.000154145,0.000194459,0.000188554,0.000199758,0.00018969,0.000186413,0.000145822,0.000142153,0.000550016,0.000569396,0.000557788,0.000557398,0.000192439,0.000190091,0.000565892,0.000549685,0.000187832,0.000188427,0.00216966],"e":[6.1848e-06,9.1329e-06,9.1998e-06,9.1807e-06,9.0851e-06,8.9405e-06,8.9963e-06,4.7843e-06,9.7965e-06,4.8311e-06,9.0349e-06,4.828e-06,9.6185e-06,1.0944e-05,9.2369e-06,9.3357e-06,9.2082e-06,5.6671e-06,9.1503e-06,9.2674e-06,5.0036e-06,4.9426e-06,8.996e-06,9.1528e-06,9.3416e-06,7.1162e-06,9.3916e-06,1.0058e-05,9.1826e-06,9.1383e-06,9.1373e-06,9.1425e-06,9.0422e-06,4.8118e-06,4.7076e-06,8.9827e-06,8.9677e-06,9.1008e-06,9.109e-06,9.0272e-06,9.0248e-06,9.6178e-06,9.4062e-06,9.4353e-06,9.3624e-06,4.7855e-06,9.6753e-06,9.634e-06,9.1781e-06,1.337e-05,1.3686e-05,1.3187e-05,1.3459e-05,1.1907e-05,1.2709e-05,1.8933e-05,4.718e-05,9.915e-06,9.7647e-06,5.5598e-06,5.8428e-06,6.0336e-06,1.0454e-05,1.0118e-05,9.6188e-06,8.955e-06,4.8632e-06,4.6924e-06,5.0769e-06,5.0235e-06,4.715e-06,8.9878e-06,9.4539e-06,7.2693e-06,1.0417e-05,1.1612e-05,1.3636e-05,1.0325e-05,8.5386e-06,9.1211e-06,9.2449e-06,5.6152e-06,5.5421e-06,5.0647e-06,5.0265e-06,5.0743e-06,5.0878e-06,4.8373e-06,4.9474e-06,5.2184e-06,5.2129e-06,4.9504e-06,4.9583e-06,5.7295e-06,5.4166e-06,5.0116e-06,5.3466e-06,1.2098e-05,9.8684e-06,5.0465e-06,4.8732e-06,6.0598e-06,7.3613e-06,7.149e-06,1.0564e-05,1.0287e-05,1.0385e-05,1.0512e-05,9.2672e-06,9.2302e-06,5.1585e-06,5.3186e-06,9.2845e-06,9.265e-06,5.4554e-06,5.31e-06,4.6613e-05],"f":[1,2,2,2,2,2,2,1,2,1,2,1,2,2,1,2,2,1,2,2,1,1,2,2,2,1,2,2,2,2,2,2,2,1,1,2,2,2,2,2,2,2,2,2,2,1,2,2,2,2,2,2,2,1,1,2,2,2,2,1,1,1,2,2,2,2,1,1,1,1,1,2,2,1,2,2,2,1,1,2,2,1,1,1,1,1,1,1,1,1,1,1,1,1,1,1,1,1,1,1,1,1,1,1,1,1,2,2,2,2,1,1,2,2,1,1,3]}