{"p":[0.5916,0.4391,0.6429,0.0378,0.0029,0.4469,0.8014,0.9034,0.8833,0.5617,0.0044,0.4958,0.3834],"b":[348.8609,634.9507,641.9423,669.9472,674.9292,695.8928,725.8223,1026.8819,1053.8623,1057.8949,1455.7393,1762.8725,1784.8625],"y":[0.000114478,8.27377e-06,1.38439e-05,1.42878e-05,-1.35206e-05,5.94724e-06,7.28168e-06,1.12481e-05,3.23656e-06,1.85995e-05,-6.88354e-06,7.08678e-06,-3.58683e-06],"e":[3.2982e-06,3.2068e-06,3.413e-06,3.3673e-06,3.1321e-06,3.4867e-06,3.4124e-06,3.4779e-06,3.1141e-06,3.4561e-06,3.4756e-06,3.3032e-06,3.357e-06],"f":[1,1,1,1,1,1,1,1,1,1,1,1,1]}