{"p":[0.9334,0.9364,0.5744,0.5774,0.9436,0.9521,0.9727,0.804,0.8069,0.6415,0.6444,0.1153,0.1182,0.2682,0.6658,0.6687,0.5555,0.5584,0.6084,0.6113,0.994,0.9969,0.2138,0.2168,0.5553,0.5582,0.7798,0.7828,0.3016,0.3045,0.4298,0.4328,0.2415,0.3614,0.828,0.8309,0.1237,0.5131,0.1226,0.9764,0.3514,0.7571,0.1495,0.5807,0.9948,0.6472,0.5265,0.7253,0.8764,0.2148,0.1863,0.737,0.2377,0.6137,0.4157,0.2289,0.2197,0.0249,0.8422,0.2148,0.7507,0.7536,0.2516,0.2545,0.4579,0.4608,0.1671,0.17,0.1024,0.1052,0.1393,0.1423,0.8478,0.8507,0.8555,0.8584,0.2275,0.2304,0.9683,0.9712,0.5133,0.5339,0.8071,0.81,0.3152,0.3181,0.6075,0.6714,0.1085,0.1114,0.6642,0.6602,0.9407,0.9436,0.5976,0.6005,0.9987,0.0016,0.4145,0.4175,0.9209,0.9238,0.1344,0.1373,0.4681,0.2406,0.2435,0.9067,0.9096,0.0225,0.0254,0.8339,0.8368,0.9174,0.9202,0.1963,0.1992,0.4773,0.8312,0.701,0.7039,0.9445,0.7937,0.0889,0.2748,0.615,0.1181,0.1211,0.8114,0.8174,0.4994,0.5024,0.5661,0.5691,0.5721,0.6029,0.6059,0.6089,0.6397,0.6427,0.6457,0.6672,0.6702,0.6732,0.6946,0.6976,0.7007],"b":[271.9246,271.9251,296.8524,296.8529,298.94,301.9081,301.9114,302.978,302.9785,323.8766,323.8771,324.8875,324.888,327.8782,328.8772,328.8776,329.953,329.9535,330.8982,330.8986,331.8953,331.8957,332.8665,332.867,333.8567,333.8572,333.8918,333.8922,334.9101,334.9106,335.867,335.8675,336.7745,336.7933,336.8661,336.8666,344.8759,345.8736,350.8094,352.8165,353.8119,354.8122,355.8103,356.8146,360.9391,363.8516,368.8296,374.7943,377.6285,378.7744,379.7069,379.7929,381.7448,429.5851,431.5841,433.5849,443.577,567.9973,593.8895,632.9849,655.8663,655.8668,679.8353,679.8358,680.8044,680.8049,685.912,685.9124,686.8387,686.8392,693.8712,693.8717,695.8556,695.8561,704.9135,704.9139,706.8453,706.8458,710.8647,710.8652,711.8867,711.8899,712.8695,712.87,715.9157,715.9161,722.8319,723.7787,726.8138,726.8143,727.8375,728.7738,734.7512,734.7517,762.6483,762.6488,763.6478,763.6483,768.7095,768.71,770.8185,770.819,772.7257,772.7261,773.7146,774.7722,774.7726,783.6205,783.621,787.6985,787.6989,790.6359,790.6363,795.6457,795.6461,819.58,819.5804,819.6239,834.6694,992.9841,992.9846,1041.8968,1053.8967,1060.8133,1062.8723,1066.8291,1067.8446,1067.8451,1069.8266,1069.8276,1862.7022,1862.7027,1930.6374,1930.6379,1930.6384,1930.6432,1930.6437,1930.6441,1930.6489,1930.6494,1930.6499,1930.6532,1930.6537,1930.6542,1930.6575,1930.658,1930.6585],"y":[0.000189197,0.000196213,0.000222881,0.000214457,0.000182616,0.000157796,9.36108e-05,0.000155648,0.000153743,0.000148196,0.000143801,0.00014427,0.000139367,0.000213105,0.000199952,0.000212231,0.000164631,0.000147148,0.000214274,0.000219554,4.63645e-05,4.37684e-05,0.000205056,0.000203173,0.000210862,0.000204254,0.000144525,0.000163141,0.000198004,0.000196064,0.000210459,0.000212838,0.000153395,0.000154978,0.000213866,0.000217664,0.000134517,0.000198534,0.000130098,7.31554e-05,0.000214401,0.000195283,0.000192817,0.000210987,2.14077e-05,0.000136824,0.000192833,0.000136379,0.000202536,0.000192373,0.00013653,0.000197792,0.000137406,0.000186253,0.000141761,0.000185369,0.000187516,2.37951e-05,0.000198389,0.000197661,0.000207858,0.000205078,0.000141543,0.000138061,0.00020501,0.000210239,0.000184559,0.000179929,0.000174316,0.00017312,0.000182528,0.000183259,0.00016346,0.000173664,0.000149203,0.000139248,0.000166484,0.000182264,8.85202e-05,9.18149e-05,0.000197405,0.000199028,0.000189959,0.000204259,0.000190182,0.000188758,0.000188443,0.000135587,0.000172592,0.000170774,0.000193983,0.000236299,0.000144264,0.000138532,0.000193867,0.000197926,1.4214e-05,1.46646e-05,0.000203839,0.000212164,0.000198693,0.000204689,0.000149013,0.000162552,0.000196251,0.000218977,0.000211202,0.000165862,0.000158725,8.22823e-05,8.09745e-05,0.000231529,0.000223428,0.000172274,0.000174438,0.000143436,0.00014553,0.000228687,0.000151949,0.000155466,0.00014789,0.000161101,0.000169045,0.000139866,0.000163195,0.000167779,0.000165919,0.000167324,0.000181343,0.000173919,0.000172235,0.000170087,0.00024988,0.000253736,0.000244061,0.000252722,0.000253932,0.000233894,0.000254264,0.000250217,0.00025483,0.000240923,0.000238297,0.000241194,0.000242146,0.000243856,0.000231704],"e":[8.5037e-06,8.4759e-06,9.5075e-06,9.0267e-06,1.0952e-05,8.9804e-06,8.5492e-06,6.8845e-06,6.6032e-06,6.5292e-06,6.1566e-06,8.6369e-06,8.5324e-06,9.794e-06,9.684e-06,9.8704e-06,7.5728e-06,8.0607e-06,8.2792e-06,8.0108e-06,8.1007e-06,7.8773e-06,7.5954e-06,7.5334e-06,7.3922e-06,7.4354e-06,4.3819e-06,4.748e-06,7.6477e-06,7.6488e-06,7.4526e-06,7.5028e-06,4.1761e-06,4.4212e-06,7.3633e-06,7.2268e-06,4.1766e-06,7.3727e-06,5.7967e-06,7.5155e-06,7.9431e-06,8.4117e-06,8.2907e-06,8.3459e-06,7.9705e-06,5.2953e-06,7.788e-06,3.9225e-06,7.8828e-06,7.6903e-06,3.969e-06,7.5034e-06,5.4497e-06,7.3708e-06,5.8426e-06,7.9374e-06,8.408e-06,9.6361e-06,1.1976e-05,7.9165e-06,9.6138e-06,9.0304e-06,6.5178e-06,6.2138e-06,8.8386e-06,8.8747e-06,7.4383e-06,7.3843e-06,7.2995e-06,7.2749e-06,7.2853e-06,7.1313e-06,1.1222e-05,8.3024e-06,4.1751e-06,4.2805e-06,7.4859e-06,7.3847e-06,9.693e-06,8.8041e-06,8.1451e-06,8.1683e-06,8.5526e-06,8.2702e-06,7.8589e-06,8.0728e-06,7.0878e-06,3.2366e-06,7.2352e-06,7.2981e-06,7.1373e-06,2.9119e-05,5.4492e-06,6.9311e-06,7.3942e-06,7.4801e-06,4.8138e-06,4.5302e-06,9.7697e-06,9.2566e-06,1.2817e-05,1.3454e-05,9.0283e-06,8.9523e-06,1.3484e-05,1.2101e-05,1.1662e-05,4.1053e-06,3.722e-06,1.0329e-05,1.0172e-05,7.823e-06,8.4659e-06,7.2906e-06,7.1695e-06,8.1346e-06,1.3981e-05,1.4164e-05,3.1792e-05,5.8751e-06,6.2229e-06,3.4983e-06,3.1402e-06,4.6364e-06,5.842e-06,7.2747e-06,5.6148e-06,5.6652e-06,4.8641e-06,4.3451e-06,8.0725e-06,8.4865e-06,9.744e-06,9.7683e-06,9.5715e-06,1.1251e-05,1.0729e-05,1.0002e-05,1.049e-05,1.0168e-05,1.063e-05,9.9501e-06,1.0755e-05,1.0686e-05,1.0231e-05,1.0142e-05,9.8101e-06],"f":[2,2,2,2,2,2,2,1,1,1,1,1,1,2,2,2,1,1,2,2,2,2,2,2,2,2,1,1,2,2,2,2,1,1,2,2,1,2,1,2,2,2,2,2,1,1,2,1,2,2,1,2,1,2,1,2,2,1,2,2,2,2,1,1,2,2,2,2,2,2,2,2,2,2,1,1,2,2,2,2,2,2,2,2,2,2,2,1,2,2,2,2,1,1,2,2,1,1,2,2,2,2,1,1,2,2,2,1,1,2,2,2,2,1,1,1,1,2,2,1,1,1,1,1,1,1,1,1,1,1,1,1,2,2,2,2,2,2,2,2,2,2,2,2,2,2,2]}