{"p":[0.2018,0.305,0.8264,0.7258,0.5962,0.44,0.8582,0.9178,0.8326,0.8411,0.5507,0.5593,0.541,0.5495,0.6514,0.66,0.5224,0.7165,0.7251,0.118,0.1269,0.2769,0.3745,0.2986,0.3608,0.5809,0.6163,0.7253,0.7518,0.9777,0.9867,0.0818,0.0905,0.1614,0.2057,0.4063,0.415,0.5329,0.5418,0.1741,0.1831,0.6626,0.6715,0.3833,0.4274,0.2737,0.3001,0.0815,0.0903,0.6048,0.6137,0.6255,0.6345,0.4435,0.4522,0.8163,0.825,0.9442,0.9532,0.7439,0.1082,0.1169,0.4353,0.444,0.924,0.9327,0.829,0.8378,0.9444,0.9531,0.7696,0.7783,0.996,0.005,0.3908,0.8098,0.8185,0.5743,0.583,0.5177,0.5264,0.9998,0.0085,0.4426,0.4514,0.1071,0.116,0.1429,0.1518,0.2498,0.2585,0.2878,0.2967,0.745,0.754,0.24,0.2489,0.8699,0.8789,0.6095,0.6183,0.9008,0.9098,0.6481,0.6568],"b":[356.9194,384.9009,390.9158,439.8156,443.6766,443.7743,745.9693,745.9724,746.9746,746.9751,748.9731,748.9736,749.9793,749.9798,767.8941,767.8945,768.9469,773.8318,773.8323,1084.9803,1084.9808,1091.9298,1091.935,1092.9376,1092.9409,1096.9265,1096.9283,1121.89,1121.8914,1122.9101,1122.9106,1124.876,1124.8765,1128.8541,1128.8565,1128.9201,1128.9206,1129.8805,1129.881,1130.9212,1130.9217,1131.9008,1131.9013,1135.8069,1135.8092,1136.9138,1136.9152,1137.8573,1137.8578,1138.8388,1138.8393,1139.7936,1139.7941,1140.8966,1140.8971,1141.8171,1141.8176,1143.8373,1143.8378,1143.8797,1144.8527,1144.8532,1145.7708,1145.7713,1146.7504,1146.7509,1147.8051,1147.8056,1149.7717,1149.7721,1150.7691,1150.7696,1151.7878,1151.7883,1153.8752,1155.8578,1155.8583,1157.8587,1157.8592,1158.8095,1158.8099,1158.835,1158.8355,1165.7465,1165.747,1168.7489,1168.7493,1168.8038,1168.8042,1169.8161,1169.8166,1169.8711,1169.8716,1170.7961,1170.7966,1172.7828,1172.7832,1172.8161,1172.8166,1173.8091,1173.8095,1176.7916,1176.7921,1179.6924,1179.6929],"y":[0.000293645,0.000302384,0.000311024,0.000308113,0.000332838,0.000290653,0.000421381,0.000410188,0.000375259,0.000365329,0.00037131,0.000406343,0.000402484,0.000393063,0.000400673,0.000483385,0.000326274,0.000463157,0.000452565,0.000341912,0.000310965,0.000392793,0.000337033,0.000257917,0.000222276,0.000323806,0.000381314,0.00039859,0.000364404,4.08621e-05,5.43432e-05,0.00034737,0.000340953,0.000370042,0.000377904,0.000361418,0.000345432,0.000308423,0.000293512,0.0003782,0.000338286,0.000298664,0.000314019,0.000402557,0.00044752,0.000422242,0.000405013,0.00037187,0.000390791,0.000338363,0.000346029,0.000480774,0.000497219,0.000416559,0.000403259,0.00040368,0.000399971,0.000329268,0.000267363,0.000434725,0.000420038,0.000410624,0.00036824,0.000400361,0.000404286,0.000403894,0.000473155,0.00043147,0.000396111,0.000300735,0.000329023,0.0002947,6.66846e-05,8.22185e-05,0.000541715,0.000424173,0.000399056,0.00041873,0.000431078,0.000321343,0.000339696,0.000125717,0.000161088,0.000623859,0.000617075,0.000537301,0.000551756,0.000492143,0.000542361,0.000491503,0.000517328,0.000467442,0.000486643,0.000611592,0.000615873,0.000400718,0.000393536,0.000475822,0.000507558,0.000615907,0.00064301,0.000389961,0.000350465,0.000305582,0.000311662],"e":[9.878e-06,9.8025e-06,8.316e-06,9.5036e-06,1.4053e-05,1.1844e-05,9.457e-06,1.0122e-05,8.7815e-06,8.3708e-06,7.6553e-06,7.7541e-06,7.3647e-06,6.9292e-06,1.3739e-05,1.2159e-05,1.1027e-05,9.4752e-06,9.3177e-06,6.0231e-06,6.1668e-06,7.0967e-06,6.6824e-06,7.8826e-06,8.0849e-06,9.9987e-06,1.046e-05,9.9423e-06,9.9966e-06,1.0809e-05,1.1124e-05,1.288e-05,1.26e-05,1.6842e-05,1.2671e-05,1.2019e-05,1.2248e-05,7.654e-06,7.9445e-06,7.1614e-06,6.8458e-06,3.073e-05,2.2121e-05,6.2851e-06,6.4269e-06,6.2509e-06,6.2741e-06,7.5622e-06,7.4924e-06,7.6477e-06,7.7047e-06,7.7294e-06,7.8394e-06,6.6587e-06,6.5283e-06,6.2736e-06,6.203e-06,7.2297e-06,7.0728e-06,6.4289e-06,6.0936e-06,6.0495e-06,6.2339e-06,6.3032e-06,1.5706e-05,1.3158e-05,1.0076e-05,1.1016e-05,1.3581e-05,1.4054e-05,1.0613e-05,1.0334e-05,1.1282e-05,1.2597e-05,1.1826e-05,1.0094e-05,9.7131e-06,8.9997e-06,8.9773e-06,9.3819e-06,9.5576e-06,9.7192e-06,9.3648e-06,7.8829e-06,7.9659e-06,6.8462e-06,6.956e-06,8.1123e-06,8.0507e-06,8.4921e-06,7.9886e-06,7.2005e-06,7.3987e-06,8.0384e-06,8.0507e-06,7.38e-06,7.5292e-06,6.8884e-06,6.631e-06,8.1166e-06,7.968e-06,9.4673e-06,1.1766e-05,9.4729e-06,9.8378e-06],"f":[2,1,1,2,2,1,2,2,1,1,2,2,1,1,1,1,1,2,2,1,1,1,1,1,1,2,2,1,1,1,1,2,2,1,1,2,2,1,1,1,1,1,1,1,1,1,1,2,2,2,2,2,2,1,1,1,1,2,2,1,1,1,1,1,2,2,2,2,1,1,2,2,1,1,2,2,2,2,2,1,1,2,2,2,2,1,1,2,2,2,2,1,1,2,2,2,2,1,1,2,2,2,2,2,2]}