{"p":[0.0954,0.7269,0.064,0.4256,0.493,0.7743,0.9874,0.6588,0.4376,0.1647,0.4986,0.5063,0.2088,0.2478,0.8704,0.878,0.1602,0.1679,0.0944,0.7322,0.2007,0.2084,0.3051,0.3126,0.1053,0.6309,0.6386,0.5065,0.3261,0.3338,0.7425,0.8395,0.5227,0.2593,0.5362,0.6696,0.409,0.9566,0.7276,0.0869,0.2862,0.0876,0.9525,0.052,0.8848,0.3203,0.0599,0.1875,0.863,0.4219,0.9887,0.9475,0.547,0.0073,0.3258,0.7155,0.6117,0.5895,0.3857,0.4708,0.4924,0.5005,0.1978,0.7823,0.0819,0.8488,0.8569,0.36,0.9475],"b":[319.9261,336.8821,344.9502,371.8773,377.8734,430.7617,430.7742,693.9387,696.9218,706.9514,722.95,722.9505,723.9317,723.934,725.9092,725.9096,726.9249,726.9253,727.9197,727.9572,734.9168,734.9172,749.8445,749.8449,750.8902,758.9106,758.911,760.9006,782.7437,782.7441,1047.9494,1051.9498,1053.9286,1054.9705,1060.9789,1060.9868,1077.8904,1077.9226,1084.9,1086.9772,1090.9249,1112.8257,1118.8686,1140.7868,1144.8305,1414.9133,1434.9305,1436.9354,1460.8848,1466.9098,1468.9405,1470.8767,1517.7328,1522.7532,1524.8281,1526.7309,1815.9332,1819.9267,1824.8494,1854.8738,1874.7901,1874.7906,2144.9475,2153.9113,2168.9092,2196.9175,2196.918,2202.9397,2204.8541],"y":[0.000125337,0.00012631,0.000135326,0.000139111,0.000145281,0.00010405,5.31488e-07,2.01375e-05,1.50318e-05,1.82326e-05,1.12682e-05,1.40034e-05,1.15314e-05,1.51416e-05,1.57139e-05,1.62548e-05,1.22539e-05,1.33235e-05,1.61054e-05,1.52601e-05,1.27438e-05,1.29469e-05,1.06384e-05,1.22206e-05,1.3229e-05,1.1619e-05,1.68313e-05,1.26668e-05,1.63438e-05,6.17056e-06,2.18854e-05,2.41846e-05,1.93385e-05,1.80057e-05,1.63067e-05,1.88125e-05,1.26371e-05,2.13569e-05,1.80323e-05,1.38225e-05,1.57842e-05,8.79157e-05,7.55132e-05,5.57212e-05,7.45046e-05,1.36676e-05,1.40857e-05,9.54918e-06,1.72014e-05,1.65957e-05,5.28674e-06,1.55721e-05,1.0704e-05,-1.95057e-06,1.34848e-05,1.59515e-05,1.42033e-05,1.00084e-05,1.32724e-05,1.30618e-05,6.78451e-06,5.62378e-06,1.09064e-05,1.29659e-05,1.32812e-05,1.00628e-05,1.12511e-05,1.28391e-05,1.48167e-05],"e":[3.1531e-06,3.2485e-06,3.1304e-06,2.9574e-06,2.811e-06,3.1478e-06,2.1046e-06,3.1344e-06,3.2101e-06,3.1853e-06,2.2662e-06,2.208e-06,2.2421e-06,2.187e-06,2.0891e-06,2.3348e-06,2.2095e-06,2.2599e-06,2.61e-06,2.4521e-06,2.8476e-06,3.0071e-06,3.04e-06,2.707e-06,3.184e-06,2.9264e-06,2.8053e-06,3.1843e-06,2.927e-06,2.701e-06,3.0857e-06,3.2358e-06,3.1199e-06,3.1713e-06,3.1126e-06,3.1251e-06,3.0784e-06,3.114e-06,3.2417e-06,3.2453e-06,3.2031e-06,3.1139e-06,3.2413e-06,3.2321e-06,2.927e-06,3.1716e-06,3.0277e-06,3.1593e-06,3.1998e-06,3.1176e-06,3.2475e-06,3.2546e-06,3.1182e-06,3.0844e-06,3.1835e-06,3.1793e-06,3.1309e-06,3.024e-06,3.2095e-06,3.0977e-06,3.0668e-06,2.8976e-06,3.1965e-06,3.2371e-06,3.2529e-06,2.9946e-06,2.7428e-06,3.2169e-06,3.0014e-06],"f":[1,2,2,1,1,1,1,1,1,1,1,1,1,1,1,1,1,1,1,1,1,1,1,1,1,1,1,1,1,1,1,1,1,1,1,1,1,1,1,1,1,1,1,1,1,1,1,1,1,1,1,1,1,1,1,1,1,1,1,1,2,2,1,1,1,1,1,1,1]}