{"p":[0.6233,0.944,0.7788,0.2763,0.5738,0.3272,0.682,0.2094,0.3401,0.2102,0.932,0.9452,0.196,0.1965,0.5076,0.4314,0.6353,0.9641,0.5693,0.722,0.9969,0.3028,0.1178,0.5486,0.1867,0.9322,0.5058,0.4907,0.5477,0.3177,0.2136,0.7291,0.0662,0.9887,0.3139,0.2115,0.606,0.2699,0.8174,0.4936,0.0482,0.4083,0.2662,0.2561,0.8716,0.6782,0.0139,0.0738,0.2063,0.0641,0.9035,0.702,0.828,0.5953,0.5982,0.601,0.604,0.6069,0.1833,0.2609,0.5867,0.3429,0.8523,0.9251,0.6547,0.8634,0.6306,0.3355,0.329,0.8164,0.099,0.9929,0.1062,0.384,0.9739,0.5893,0.3187,0.414,0.6058,0.8536],"b":[232.8003,278.6746,283.6849,561.9486,573.8587,581.7806,585.7381,607.7599,612.6558,616.697,628.676,637.7776,653.7424,1188.9844,1216.9833,1222.983,1229.0283,1232.0065,1252.9036,1255.8532,1262.8849,1265.8595,1268.9167,1280.8485,1291.839,1295.8599,1305.865,1313.8245,1316.7586,1322.7334,1336.6906,1339.6992,1342.6788,1345.7535,1345.8063,1346.7646,1348.7786,1353.7612,1366.6869,1370.6965,1373.7114,1376.6948,1379.759,1401.6935,1622.9424,1636.8851,1639.8645,1671.8847,1675.806,1678.8702,1690.8684,1694.7354,1697.8432,1699.9177,1699.9182,1699.9187,1699.9191,1699.9196,1700.8257,1725.6993,1732.7393,1737.7369,1742.6943,1748.7183,1752.7366,1755.6953,1760.6947,1763.7341,1784.6942,1937.0265,1938.0474,1952.0043,1978.996,1987.9781,1994.8985,1996.9484,2017.8657,2029.9054,2032.6989,2032.9016],"y":[5.69394e-05,5.68253e-05,5.82183e-05,7.17697e-05,6.14981e-05,6.68335e-05,5.99952e-05,6.13591e-05,5.72892e-05,6.77676e-05,5.28523e-05,5.47894e-05,7.418e-05,5.85329e-05,6.0586e-05,5.82682e-05,6.17316e-05,6.6008e-05,6.65993e-05,6.2087e-05,9.45689e-06,7.38621e-05,5.83794e-05,5.95038e-05,6.3626e-05,5.49487e-05,4.93296e-05,6.46943e-05,6.0969e-05,6.7449e-05,6.6421e-05,4.98872e-05,4.72887e-05,1.80039e-05,6.24206e-05,6.05941e-05,5.701e-05,5.4612e-05,4.97723e-05,6.52267e-05,5.72669e-05,7.03696e-05,5.29796e-05,6.27989e-05,5.89767e-05,6.55696e-05,6.26581e-05,5.22201e-05,5.91511e-05,6.48665e-05,6.06993e-05,5.20967e-05,5.59423e-05,6.72348e-05,6.13717e-05,6.1311e-05,5.35587e-05,5.24801e-05,6.82746e-05,6.414e-05,6.33166e-05,5.40808e-05,6.37117e-05,6.13257e-05,7.00038e-05,6.22734e-05,6.81127e-05,4.14585e-05,5.90477e-05,6.11242e-05,5.91227e-05,1.2537e-05,6.1682e-05,5.22599e-05,5.9087e-05,6.0157e-05,6.39302e-05,5.34202e-05,5.1947e-05,6.16581e-05],"e":[6.2971e-06,7.3824e-06,7.0659e-06,1.1722e-05,1.0913e-05,7.4706e-06,6.1252e-06,5.7075e-06,8.0957e-06,8.9789e-06,6.3184e-06,6.0519e-06,1.0321e-05,1.1353e-05,9.7427e-06,8.1127e-06,5.3666e-06,5.5054e-06,4.7147e-06,5.6111e-06,5.4943e-06,6.2822e-06,5.8371e-06,6.8209e-06,5.5169e-06,7.2452e-06,7.0356e-06,7.0821e-06,5.8003e-06,6.239e-06,6.5647e-06,5.7793e-06,6.724e-06,2.2608e-06,1.7026e-06,1.6018e-06,5.9547e-06,8.5053e-06,4.5959e-06,6.9983e-06,7.2089e-06,5.9197e-06,6.6103e-06,8.7015e-06,8.513e-06,6.7827e-06,9.8588e-06,5.5868e-06,5.2449e-06,5.8683e-06,8.5692e-06,6.6735e-06,7.8647e-06,5.4639e-06,5.4805e-06,5.3203e-06,6.161e-06,5.2164e-06,5.8888e-06,6.6642e-06,6.8388e-06,6.0629e-06,1.0132e-05,6.4671e-06,6.9967e-06,6.0706e-06,6.3903e-06,7.3578e-06,8.3476e-06,1.689e-06,6.2819e-06,2.6145e-06,7.6328e-06,7.7974e-06,5.8585e-06,1.5382e-06,2.7882e-06,5.5607e-06,1.1287e-05,1.6729e-06],"f":[3,3,3,3,3,3,3,3,3,3,3,3,3,3,3,3,3,3,3,3,3,3,3,3,3,3,3,3,3,3,3,3,3,1,2,2,3,3,3,3,3,3,3,3,3,3,3,3,3,3,3,3,3,2,2,2,2,2,3,3,3,3,3,3,3,3,3,3,3,2,3,2,2,3,3,2,2,3,3,2]}