{"phase": [0.41295, 0.41372, 0.14039, 0.14116, 0.23024, 0.23101, 0.40768, 0.40847, 0.13748, 0.13825, 0.82606, 0.82843, 0.10302, 0.78077, 0.78157, 0.15291, 0.15527, 0.05994, 0.06072, 0.53602, 0.5368, 0.81241, 0.55988, 0.30134, 0.3551, 0.96175, 0.39935, 0.17857, 0.06921, 0.06121, 0.06198, 0.06774, 0.06852, 0.2942, 0.29499, 0.94628, 0.94706, 0.2921, 0.29286, 0.85223, 0.85301, 0.43248, 0.43326, 0.19573, 0.19651, 0.56252, 0.5633, 0.23256, 0.23335, 0.50325, 0.50403, 0.19456, 0.19534, 0.74383, 0.74461, 0.4839, 0.48467, 0.13877, 0.85557, 0.94419, 0.94496, 0.26792, 0.2687, 0.04603, 0.04683, 0.8095, 0.8103, 0.19025, 0.96715, 0.29301, 0.94229, 0.06528, 0.69968, 0.21815, 0.38831, 0.38913, 0.92466, 0.92546, 0.50358, 0.5044, 0.94907, 0.28845, 0.91051, 0.9113, 0.75547, 0.75627, 0.58877, 0.59693, 0.01625, 0.01704, 0.16953, 0.17033, 0.94905, 0.94985, 0.22433, 0.22514, 0.17932, 0.18013, 0.16649, 0.16731, 0.55094, 0.55174, 0.07137, 0.55333, 0.55413, 0.19762, 0.19842], "bjd": [2458245.988796, 2458245.989247, 2458246.993746, 2458246.994197, 2458270.898043, 2458270.898495, 2458273.910054, 2458273.910517, 2458274.916378, 2458274.916829, 2458292.769668, 2458292.771045, 2458295.839571, 2458300.887915, 2458300.888378, 2458323.792918, 2458323.794296, 2458330.719915, 2458330.720366, 2458336.814445, 2458336.814896, 2458567.932658, 2458573.021558, 2458581.015747, 2458593.84567, 2458606.997239, 2458608.997087, 2458618.758512, 2458619.858401, 2458633.81591, 2458633.816361, 2458651.85417, 2458651.854621, 2458654.894695, 2458654.895158, 2458655.855805, 2458655.856257, 2458675.836718, 2458675.837158, 2458676.744336, 2458676.744788, 2458678.827168, 2458678.82762, 2458679.852953, 2458679.853404, 2458681.811604, 2458681.812055, 2458686.855456, 2458686.855919, 2458695.739287, 2458695.739738, 2458703.704299, 2458703.70475, 2458705.769109, 2458705.76956, 2458709.690188, 2458709.69064, 2458728.687378, 2458729.686137, 2458732.646476, 2458732.646928, 2458937.031423, 2458937.031875, 2458968.898958, 2458968.899421, 2458994.940408, 2458994.940871, 2458999.815963, 2459000.849688, 2459038.853446, 2459039.812929, 2459049.774341, 2459061.778541, 2459063.825435, 2459090.685238, 2459090.685713, 2459092.742535, 2459092.742998, 2459107.623245, 2459107.623719, 2459116.60876, 2459129.604843, 2459141.601865, 2459141.602328, 2459336.981935, 2459336.982398, 2459361.900494, 2459361.905239, 2459363.894452, 2459363.894915, 2459387.835652, 2459387.836115, 2459402.833063, 2459402.833526, 2459729.940488, 2459729.940963, 2459743.876465, 2459743.87694, 2459747.9413, 2459747.941775, 2459749.910227, 2459749.91069, 2459757.775825, 2459770.85486, 2459770.855322, 2459771.811436, 2459771.811899], "y": [9.322202988256984e-05, 8.835825121312913e-05, 9.319787325857096e-05, 8.982060854934739e-05, 0.0001101298471077, 0.0001069061696021, 0.0001043554566021, 0.0001075994570889, 8.702268889412673e-05, 8.642915593681206e-05, 0.0001037126382968, 0.0001045211058157, 9.35847671539966e-05, 0.0001098946370451, 0.0001033994699861, 9.365209319786563e-05, 8.974089613882428e-05, 8.820846569119442e-05, 8.658820439460864e-05, 8.308135429478882e-05, 8.928632967972221e-05, 8.598593096600558e-05, 9.11048965668908e-05, 0.000100208917991, 9.338285242650552e-05, 8.643101753047826e-05, 0.000106327838533, 0.0001021471713652, 0.0001158573556141, 0.0001080408561763, 0.0001045592832009, 0.0001105037528657, 0.0001091300182454, 0.0001058471437444, 0.0001021888774906, 0.000106731538583, 0.000106657666486, 9.149720546267049e-05, 9.256430929982373e-05, 0.0001023980671636, 0.0001117022267781, 9.681040078170008e-05, 9.158853484201844e-05, 9.136535187445652e-05, 8.55382589072368e-05, 0.0001065625411987, 0.0001070381649558, 0.000107374256514, 0.0001155271695002, 0.0001199746906099, 0.00010236485687, 8.54759802631189e-05, 8.112539062474214e-05, 9.18642544000756e-05, 8.84110926608361e-05, 9.129579739275684e-05, 9.489730370307332e-05, 8.809007032935504e-05, 8.987544139293585e-05, 8.996073034422985e-05, 9.13835774729502e-05, 0.000109070654894, 0.0001059013404298, 9.9888148022291e-05, 0.0001033020614277, 8.930407103366547e-05, 8.833147172469674e-05, 0.0001065508755695, 0.0001062230182058, 0.0001009333722576, 0.000103001310464, 0.0001054719074857, 0.0001011247861803, 0.0001102708277024, 9.61289864144804e-05, 0.0001122017110359, 0.0001026218495796, 0.0001023936884832, 9.781898173721796e-05, 0.0001066197769632, 0.0001123491458012, 0.0001158215557713, 0.0001045583199968, 0.0001082949073814, 0.0001063279333422, 0.0001093476461838, 0.0001114399444418, 0.0001056010753491, 9.841938707988684e-05, 0.0001066489774266, 9.991956152826164e-05, 8.540751084896483e-05, 8.931527831546099e-05, 8.83505022380898e-05, 9.357534128950248e-05, 8.643865098785322e-05, 8.915240490175406e-05, 8.428518730438779e-05, 9.108970509947702e-05, 9.201607794744033e-05, 8.929380515214152e-05, 9.093979515841796e-05, 8.360122556578781e-05, 8.384688614812822e-05, 8.646942405314209e-05, 8.335318725843261e-05, 8.567422918234924e-05], "dy": [7.958221787077945e-06, 1.0567564733219395e-05, 4.614351211167401e-06, 4.961586343976087e-06, 7.053025217943876e-06, 5.9286778779580135e-06, 4.296859572692433e-06, 4.415030266658457e-06, 3.041723703366879e-06, 3.329289576527142e-06, 4.009411428029488e-06, 4.314537002655249e-06, 7.490153741101461e-06, 5.353304994528691e-06, 5.197977892702275e-06, 5.315607649678385e-06, 5.483964103347946e-06, 3.4425995709373366e-06, 3.361453728566277e-06, 2.709413913555009e-06, 2.7759808293720287e-06, 6.629025368859819e-06, 3.152105609258367e-06, 4.510969429911791e-06, 8.15081447344105e-06, 2.861959222255411e-06, 3.68065650528288e-06, 5.050456260187704e-06, 1.1276210351636397e-05, 3.334533462184751e-06, 3.278240532856164e-06, 7.356831783220036e-06, 6.816040801985602e-06, 5.616785042961668e-06, 5.669930843511374e-06, 5.508755170450702e-06, 4.441530426573434e-06, 3.572639689274992e-06, 3.864855048849431e-06, 4.640583266563148e-06, 4.600354796133414e-06, 4.87376294429057e-06, 4.00107125421829e-06, 6.277596245459221e-06, 5.69734164739243e-06, 5.325942269872897e-06, 5.636345759791833e-06, 4.310296237487492e-06, 4.011631002599108e-06, 9.826741576396536e-06, 5.024073253449231e-06, 3.435658492499675e-06, 3.277290765417061e-06, 3.591700000649058e-06, 3.638646722345723e-06, 5.4062466642797215e-06, 6.3498010230411e-06, 2.338297605327247e-06, 3.251553074205129e-06, 3.1817717889445776e-06, 3.089737065619646e-06, 4.321610011039343e-06, 3.905124865664424e-06, 3.1046765408494577e-06, 3.233987564218973e-06, 2.919664086356204e-06, 2.5708923402002072e-06, 4.215581552371188e-06, 5.048966757928639e-06, 4.839374609491252e-06, 3.773358774595028e-06, 3.1737973610707083e-06, 4.2567638706369655e-06, 6.481586133924761e-06, 5.507011043136456e-06, 5.509928759024578e-06, 5.674192406428412e-06, 5.629707902868857e-06, 5.1848045856329e-06, 4.7206694259908286e-06, 6.515557444823141e-06, 9.799930132669711e-06, 4.852124084375856e-06, 4.185627681470396e-06, 4.25281227738879e-06, 4.076595846286071e-06, 5.556495370933654e-06, 5.736867517558056e-06, 4.069742478786375e-06, 4.144378872469449e-06, 6.440224995464446e-06, 6.00969403932777e-06, 2.931727919755995e-06, 2.7045643591000163e-06, 2.8910985087661576e-06, 2.8395492402412697e-06, 7.720189101367285e-06, 7.49122950466429e-06, 5.029295837492632e-06, 5.220442092135603e-06, 4.523179310805325e-06, 4.285847733017453e-06, 2.990115375123321e-06, 4.185220722001049e-06, 3.911535919849382e-06, 5.259225187781619e-06, 5.101851863932294e-06], "fid": [1, 1, 1, 1, 2, 2, 2, 2, 1, 1, 2, 2, 1, 2, 2, 1, 1, 1, 1, 1, 1, 1, 1, 2, 2, 1, 2, 2, 2, 2, 2, 2, 2, 2, 2, 2, 2, 1, 1, 2, 2, 1, 1, 1, 1, 2, 2, 2, 2, 2, 2, 1, 1, 1, 1, 1, 1, 1, 1, 1, 1, 2, 2, 2, 2, 1, 1, 2, 2, 2, 2, 2, 2, 2, 2, 2, 2, 2, 2, 2, 2, 2, 2, 2, 2, 2, 2, 2, 2, 2, 1, 1, 1, 1, 1, 1, 1, 1, 1, 1, 1, 1, 1, 1, 1, 1, 1]}