{"p":[0.9145,0.092,0.9628,0.232,0.6537,0.1099,0.5178,0.6545,0.9951,0.1473,0.4302,0.5265,0.0825,0.2318,0.6984,0.0627,0.1258,0.3137,0.306,0.674,0.6334,0.5042,0.8919,0.9742,0.3304,0.3314,0.4767,0.4777,0.0508,0.0518,0.2251,0.226,0.5609,0.5619,0.8084,0.8094,0.9916,0.9926,0.4048,0.4058,0.079,0.1638,0.1648,0.7237,0.9937,0.9946,0.9484,0.9494,0.0668,0.2811,0.2821,0.4426,0.4436,0.5472,0.5482,0.7508,0.7518,0.246,0.247,0.0782,0.1219,0.8686,0.8696,0.0649,0.0659,0.2083,0.2093,0.5107,0.5117,0.9852,0.9862,0.4973,0.4983,0.2123,0.2133,0.4672,0.4682,0.7194,0.7204,0.9499,0.9509,0.1075,0.945,0.946,0.9803,0.9813,0.0628,0.7807,0.1085,0.1134,0.3914,0.4448,0.2379,0.2389,0.1561,0.1571,0.4405,0.4415,0.841,0.842,0.4921,0.4931,0.2654,0.4858,0.4869,0.6169,0.618,0.2855,0.2865,0.628,0.629,0.5285,0.1224,0.1234,0.5946,0.5957,0.9662,0.9672,0.3914,0.1086],"b":[356.8905,362.9338,384.8875,386.8454,387.956,390.9168,426.8749,427.8549,429.8455,430.8325,431.8794,432.8408,435.8474,436.8331,439.7987,439.9657,443.6635,443.7497,447.8736,449.8768,472.7883,505.7485,540.7802,558.7035,740.9325,740.933,741.9168,741.9173,744.9317,744.9322,745.9288,745.9293,747.0001,747.0005,748.948,748.9484,749.9492,749.9496,751.9731,751.9736,757.7855,761.9519,761.9523,764.9603,766.0013,766.0017,766.8977,766.8982,767.8692,768.8847,768.8852,769.876,769.8764,770.8412,770.8416,771.8517,771.8522,772.9961,772.9965,773.8363,773.8563,776.9504,776.9508,777.9576,777.9581,778.0234,778.0239,779.9965,779.997,783.8829,783.8834,787.7866,787.7871,789.9489,789.9494,798.7793,798.7798,799.8122,799.8126,800.8351,800.8355,801.8246,805.8775,805.8779,812.7727,812.7731,830.6961,851.6625,864.6537,864.656,876.7071,876.7316,881.6814,881.6818,886.6885,886.689,1084.9357,1084.9362,1092.9156,1092.9161,1861.8339,1861.8344,1864.9402,1865.9585,1865.959,1871.9805,1871.9809,1881.9177,1881.9182,1883.9092,1883.9097,1894.8701,1902.9387,1902.9392,1906.8241,1906.8246,1908.8289,1908.8294,1933.7885,1982.7294],"y":[5.90926e-05,5.09045e-05,4.47574e-05,4.31335e-05,4.28749e-05,3.90986e-05,3.79758e-05,4.55309e-05,2.15332e-05,3.7431e-05,5.3648e-05,5.02466e-05,4.46241e-05,4.96503e-05,5.12272e-05,3.55259e-05,5.26824e-05,3.31957e-05,4.7119e-05,4.6178e-05,3.82247e-05,3.70142e-05,4.77907e-05,4.4902e-05,5.03157e-05,5.15288e-05,5.30944e-05,4.22156e-05,4.75693e-05,4.58106e-05,4.58587e-05,4.94555e-05,3.63969e-05,3.60805e-05,4.53927e-05,5.28965e-05,9.01414e-06,7.81197e-06,3.12932e-05,3.95188e-05,4.48255e-05,5.19224e-05,4.21521e-05,4.85152e-05,4.93507e-06,5.11069e-06,3.60584e-05,3.66326e-05,3.13993e-05,4.27114e-05,2.30347e-05,5.0672e-05,5.1015e-05,5.74629e-05,5.97014e-05,5.05582e-05,5.17167e-05,5.1034e-05,4.99133e-05,4.71771e-05,4.61606e-05,4.96715e-05,4.39357e-05,4.73066e-05,4.20623e-05,3.22483e-05,3.56328e-05,3.4514e-05,3.65189e-05,2.26603e-05,2.21724e-05,4.89799e-05,4.98422e-05,3.80895e-05,3.86216e-05,4.59709e-05,5.72846e-05,5.75109e-05,4.53382e-05,5.42045e-05,5.41527e-05,6.3491e-05,4.88642e-05,4.84844e-05,1.68713e-05,2.06499e-05,3.30865e-05,2.94056e-05,3.59072e-05,3.6103e-05,3.96011e-05,3.82608e-05,3.90252e-05,4.22906e-05,3.46194e-05,2.83788e-05,3.79906e-05,3.65463e-05,4.01225e-05,4.71725e-05,4.82278e-05,3.7141e-05,2.501e-05,4.01246e-05,3.5945e-05,4.32772e-05,3.27732e-05,3.74729e-05,3.65878e-05,4.55376e-05,4.9367e-05,3.3015e-05,4.64059e-05,3.80285e-05,4.94788e-05,4.51347e-05,4.56648e-05,4.77152e-05,4.4643e-05,3.32025e-05],"e":[6.6729e-06,3.7263e-06,7.4306e-06,6.9183e-06,4.6895e-06,4.2863e-06,2.4819e-06,3.8501e-06,2.6672e-06,2.0223e-06,6.594e-06,4.6066e-06,6.6097e-06,5.6111e-06,5.7791e-06,3.6552e-06,6.3165e-06,5.2222e-06,7.3344e-06,7.8564e-06,6.0121e-06,8.5937e-06,3.3476e-06,7.3322e-06,5.8922e-06,6.1012e-06,5.7015e-06,5.5999e-06,5.56e-06,5.1492e-06,4.8609e-06,4.924e-06,4.2395e-06,4.5052e-06,4.3081e-06,4.3477e-06,3.5179e-06,3.5065e-06,4.101e-06,4.3921e-06,5.2593e-06,3.8228e-06,3.6252e-06,3.1774e-06,2.0767e-06,2.2868e-06,4.2524e-06,4.3638e-06,8.6255e-06,6.7716e-06,6.7663e-06,6.0186e-06,5.9802e-06,8.0787e-06,7.7006e-06,7.4263e-06,8.1649e-06,6.5577e-06,6.0954e-06,5.7579e-06,5.6575e-06,5.1286e-06,4.2627e-06,3.6999e-06,4.1761e-06,4.7204e-06,4.6536e-06,3.2326e-06,3.9066e-06,3.9619e-06,3.6364e-06,7.344e-06,6.5885e-06,2.8258e-06,2.6948e-06,6.6118e-06,6.0818e-06,8.1783e-06,7.4689e-06,7.0183e-06,6.6291e-06,8.0587e-06,5.4844e-06,4.9471e-06,2.6641e-06,2.8488e-06,8.373e-06,7.486e-06,2.6793e-06,2.3498e-06,2.5022e-06,2.4142e-06,4.1286e-06,4.1994e-06,7.0731e-06,7.6633e-06,3.2603e-06,3.2154e-06,7.0212e-06,7.5964e-06,6.3891e-06,5.9837e-06,6.8352e-06,6.1334e-06,5.4639e-06,4.8064e-06,4.8267e-06,2.9429e-06,2.7783e-06,3.2734e-06,3.1323e-06,8.2615e-06,4.3306e-06,3.9667e-06,2.7421e-06,2.8553e-06,3.9961e-06,4.0958e-06,8.1394e-06,8.4576e-06],"f":[2,2,1,2,2,1,1,1,2,1,2,2,2,2,2,1,2,1,2,2,2,1,2,2,2,2,2,2,2,2,2,2,1,1,2,2,1,1,1,1,2,2,2,2,1,1,1,1,1,1,1,2,2,2,2,2,2,2,2,2,2,2,2,2,2,1,1,1,1,2,2,2,2,1,1,2,2,2,2,2,2,2,2,2,2,2,1,1,1,1,1,1,1,1,1,1,1,1,1,1,2,2,1,1,1,1,1,1,1,2,2,1,1,1,2,2,2,2,2,1]}