{"p":[0.202,0.3052,0.8266,0.7259,0.5964,0.4402,0.8584,0.918,0.8327,0.8412,0.5509,0.5594,0.5412,0.5497,0.6516,0.6601,0.5226,0.7167,0.7252,0.1181,0.1271,0.2771,0.3747,0.2988,0.361,0.581,0.6164,0.7255,0.7519,0.9779,0.9869,0.0819,0.0907,0.1615,0.2059,0.4065,0.4152,0.533,0.542,0.1743,0.1832,0.6627,0.6717,0.3835,0.4276,0.2738,0.3003,0.0817,0.0904,0.6049,0.6139,0.6257,0.6347,0.4436,0.4524,0.8165,0.8252,0.9444,0.9534,0.7441,0.1084,0.1171,0.4354,0.4442,0.9241,0.9329,0.8292,0.8379,0.9445,0.9533,0.7697,0.7785,0.9962,0.0051,0.3909,0.81,0.8187,0.5745,0.5832,0.5178,0.5266,0.9999,0.0087,0.4428,0.4516,0.1072,0.1162,0.1431,0.152,0.2499,0.2587,0.2879,0.2969,0.7452,0.7541,0.2401,0.2491,0.8701,0.8791,0.6097,0.6184,0.901,0.91,0.6482,0.657],"b":[356.9194,384.9009,390.9158,439.8156,443.6766,443.7743,745.9693,745.9724,746.9746,746.9751,748.9731,748.9736,749.9793,749.9798,767.8941,767.8945,768.9469,773.8318,773.8323,1084.9803,1084.9808,1091.9298,1091.935,1092.9376,1092.9409,1096.9265,1096.9283,1121.89,1121.8914,1122.9101,1122.9106,1124.876,1124.8765,1128.8541,1128.8565,1128.9201,1128.9206,1129.8805,1129.881,1130.9212,1130.9217,1131.9008,1131.9013,1135.8069,1135.8092,1136.9138,1136.9152,1137.8573,1137.8578,1138.8388,1138.8393,1139.7936,1139.7941,1140.8966,1140.8971,1141.8171,1141.8176,1143.8373,1143.8378,1143.8797,1144.8527,1144.8532,1145.7708,1145.7713,1146.7504,1146.7509,1147.8051,1147.8056,1149.7717,1149.7721,1150.7691,1150.7696,1151.7878,1151.7883,1153.8752,1155.8578,1155.8583,1157.8587,1157.8592,1158.8095,1158.8099,1158.835,1158.8355,1165.7465,1165.747,1168.7489,1168.7493,1168.8038,1168.8042,1169.8161,1169.8166,1169.8711,1169.8716,1170.7961,1170.7966,1172.7828,1172.7832,1172.8161,1172.8166,1173.8091,1173.8095,1176.7916,1176.7921,1179.6924,1179.6929],"y":[0.000293645,0.000302384,0.000311024,0.000308113,0.000332838,0.000290653,0.000421381,0.000410188,0.000375259,0.000365329,0.00037131,0.000406343,0.000402484,0.000393063,0.000400673,0.000483385,0.000326274,0.000463157,0.000452565,0.000341912,0.000310965,0.000392793,0.000337033,0.000257917,0.000222276,0.000323806,0.000381314,0.00039859,0.000364404,4.08621e-05,5.43432e-05,0.00034737,0.000340953,0.000370042,0.000377904,0.000361418,0.000345432,0.000308423,0.000293512,0.0003782,0.000338286,0.000298664,0.000314019,0.000402557,0.00044752,0.000422242,0.000405013,0.00037187,0.000390791,0.000338363,0.000346029,0.000480774,0.000497219,0.000416559,0.000403259,0.00040368,0.000399971,0.000329268,0.000267363,0.000434725,0.000420038,0.000410624,0.00036824,0.000400361,0.000404286,0.000403894,0.000473155,0.00043147,0.000396111,0.000300735,0.000329023,0.0002947,6.66846e-05,8.22185e-05,0.000541715,0.000424173,0.000399056,0.00041873,0.000431078,0.000321343,0.000339696,0.000125717,0.000161088,0.000623859,0.000617075,0.000537301,0.000551756,0.000492143,0.000542361,0.000491503,0.000517328,0.000467442,0.000486643,0.000611592,0.000615873,0.000400718,0.000393536,0.000475822,0.000507558,0.000615907,0.00064301,0.000389961,0.000350465,0.000305582,0.000311662],"e":[9.878e-06,9.8025e-06,8.316e-06,9.5036e-06,1.4053e-05,1.1844e-05,9.457e-06,1.0122e-05,8.7815e-06,8.3708e-06,7.6553e-06,7.7541e-06,7.3647e-06,6.9292e-06,1.3739e-05,1.2159e-05,1.1027e-05,9.4752e-06,9.3177e-06,6.0231e-06,6.1668e-06,7.0967e-06,6.6824e-06,7.8826e-06,8.0849e-06,9.9987e-06,1.046e-05,9.9423e-06,9.9966e-06,1.0809e-05,1.1124e-05,1.288e-05,1.26e-05,1.6842e-05,1.2671e-05,1.2019e-05,1.2248e-05,7.654e-06,7.9445e-06,7.1614e-06,6.8458e-06,3.073e-05,2.2121e-05,6.2851e-06,6.4269e-06,6.2509e-06,6.2741e-06,7.5622e-06,7.4924e-06,7.6477e-06,7.7047e-06,7.7294e-06,7.8394e-06,6.6587e-06,6.5283e-06,6.2736e-06,6.203e-06,7.2297e-06,7.0728e-06,6.4289e-06,6.0936e-06,6.0495e-06,6.2339e-06,6.3032e-06,1.5706e-05,1.3158e-05,1.0076e-05,1.1016e-05,1.3581e-05,1.4054e-05,1.0613e-05,1.0334e-05,1.1282e-05,1.2597e-05,1.1826e-05,1.0094e-05,9.7131e-06,8.9997e-06,8.9773e-06,9.3819e-06,9.5576e-06,9.7192e-06,9.3648e-06,7.8829e-06,7.9659e-06,6.8462e-06,6.956e-06,8.1123e-06,8.0507e-06,8.4921e-06,7.9886e-06,7.2005e-06,7.3987e-06,8.0384e-06,8.0507e-06,7.38e-06,7.5292e-06,6.8884e-06,6.631e-06,8.1166e-06,7.968e-06,9.4673e-06,1.1766e-05,9.4729e-06,9.8378e-06],"f":[2,1,1,2,2,1,2,2,1,1,2,2,1,1,1,1,1,2,2,1,1,1,1,1,1,2,2,1,1,1,1,2,2,1,1,2,2,1,1,1,1,1,1,1,1,1,1,2,2,2,2,2,2,1,1,1,1,2,2,1,1,1,1,1,2,2,2,2,1,1,2,2,1,1,2,2,2,2,2,1,1,2,2,2,2,1,1,2,2,2,2,1,1,2,2,2,2,1,1,2,2,2,2,2,2]}