{"p":[0.3098,0.4877,0.6511,0.4648,0.1989,0.373,0.6307,0.1081,0.6857,0.411,0.4746,0.6012,0.1494,0.213,0.7088,0.7584,0.703,0.277,0.9819,0.8961,0.5399,0.8946,0.494,0.6325,0.6408,0.498,0.044,0.064,0.5187,0.2791,0.8548,0.8416,0.4786,0.2104,0.9925,0.5555,0.5122,0.5124,0.9752,0.9754,0.0459,0.0462,0.7683,0.8937,0.894,0.4872,0.4874,0.1186,0.1189,0.432,0.4323,0.6227,0.6229,0.4908,0.491,0.2713,0.2715,0.1566,0.1569,0.7342,0.7344,0.3517,0.3519,0.7139,0.7141,0.3088,0.309,0.8819,0.8822,0.9794,0.9796,0.5733,0.5736,0.1497,0.1499,0.7374,0.4684,0.4689,0.4033,0.4035,0.1423,0.1426,0.3111,0.3113,0.1996,0.2088,0.419,0.4192,0.4936,0.4939,0.2451,0.2454,0.1597,0.1644,0.7733,0.7736,0.5957,0.596,0.2052,0.2055,0.8506,0.8509,0.9072,0.9075,0.0617,0.062,0.1302,0.1305,0.2969,0.6097,0.61,0.7971,0.7974,0.6434,0.0064,0.0066,0.017,0.0172,0.9191,0.9194,0.6513,0.6516,0.0614,0.0622,0.2464,0.2644,0.8552,0.8555,0.5098,0.51],"b":[224.6629,384.9288,423.0498,427.8895,430.8722,432.8916,435.0548,435.876,436.8694,439.837,439.9463,441.8841,442.827,442.9363,443.7891,443.8745,448.9391,449.9265,476.9388,481.9512,483.0586,493.9888,508.7798,534.8179,534.8323,539.7466,540.6857,540.7202,558.7022,561.7301,562.7203,574.7376,582.7133,585.6919,588.757,589.7254,741.011,741.0114,759.0073,759.0077,766.0089,766.0094,768.9714,770.9072,770.9077,771.9279,771.9284,773.014,773.0145,776.9931,776.9935,779.041,779.0415,783.9741,783.9746,787.0366,787.0371,791.9994,791.9999,799.8727,799.8732,800.9349,800.9353,804.9978,804.9983,806.0211,806.0215,807.0069,807.0074,827.8145,827.8149,828.8361,828.8365,829.8275,829.8279,830.8384,833.8156,833.8165,876.7036,876.704,879.6947,879.6952,881.705,881.7055,898.7133,898.7292,900.8106,900.8111,914.699,914.6994,917.7116,917.7121,1093.0046,1093.0128,1125.0201,1125.0206,1135.0346,1135.0351,1142.9629,1142.9634,1881.953,1881.9535,1900.9704,1900.9709,1902.9562,1902.9566,1928.874,1928.8745,1930.8806,1934.8587,1934.8592,1936.901,1936.9015,1953.8367,1957.9009,1957.9014,1957.9192,1957.9196,1969.7909,1969.7914,1972.7703,1972.7708,1983.7956,1983.797,1992.7138,1992.7447,1993.761,1993.7614,2020.6868,2020.6873],"y":[0.00307364,0.00222355,0.00262187,0.00205919,0.00198592,0.00261672,0.00200265,0.00262532,0.00223251,0.00262377,0.00205208,0.00264913,0.00307259,0.0021024,0.00197775,0.00259603,0.00260474,0.00257287,0.00250173,0.00261417,0.00195182,0.00272037,0.0026186,0.00192717,0.0025139,0.00183288,0.00200515,0.00250448,0.00253223,0.00205399,0.00199895,0.00259654,0.00258291,0.0019571,0.00193593,0.00249597,0.0025907,0.00259087,0.00201501,0.00197812,0.00159791,0.00160961,0.00199216,0.00259983,0.00260673,0.00255312,0.00263124,0.00258566,0.00260492,0.00257633,0.002558,0.00199035,0.0020081,0.00260901,0.00260133,0.00194461,0.00199704,0.002645,0.00259711,0.00264979,0.00264966,0.00261124,0.00263152,0.00195243,0.00200438,0.00196314,0.00199583,0.00261798,0.00266338,0.00218413,0.00216747,0.00261276,0.00257537,0.00253369,0.00285759,0.00257543,0.0026358,0.00265247,0.00201473,0.00204316,0.00205573,0.00199119,0.00201862,0.00199259,0.00203951,0.00206276,0.00201662,0.00200873,0.00185371,0.00192086,0.00199546,0.00198568,0.0019836,0.00194565,0.00152933,0.0015603,0.00198793,0.00200281,0.00202897,0.00204939,0.00212897,0.00213458,0.00201164,0.00202207,0.00198489,0.00196108,0.00208198,0.00205663,0.00206178,0.00265245,0.00262634,0.00261653,0.00263454,0.00196145,0.00257917,0.00259967,0.00198884,0.00200075,0.00202537,0.00200676,0.00260467,0.00264779,0.00198396,0.00200436,0.00201099,0.00198424,0.00196856,0.0019511,0.0020094,0.00198485],"e":[4.6757e-05,3.8283e-05,3.8515e-05,3.7889e-05,3.5745e-05,3.8378e-05,3.6125e-05,3.8601e-05,8.1753e-05,3.8444e-05,3.6073e-05,3.8363e-05,4.544e-05,3.6627e-05,3.6172e-05,3.8514e-05,3.8678e-05,3.8443e-05,3.8924e-05,3.844e-05,3.5741e-05,3.8768e-05,3.8438e-05,3.7244e-05,3.8977e-05,3.5329e-05,3.593e-05,3.8109e-05,3.8639e-05,3.7368e-05,3.7716e-05,0.00010303,3.8251e-05,3.5704e-05,3.6437e-05,3.9168e-05,3.8667e-05,3.8675e-05,3.5855e-05,3.5665e-05,3.578e-05,3.5816e-05,3.6339e-05,3.917e-05,3.9217e-05,3.9272e-05,3.9297e-05,3.848e-05,3.8441e-05,3.8493e-05,3.8502e-05,3.5999e-05,3.6125e-05,3.8572e-05,3.8472e-05,3.6223e-05,3.6206e-05,3.8466e-05,3.8489e-05,3.8846e-05,3.9125e-05,3.8581e-05,3.8709e-05,3.6786e-05,3.692e-05,3.5913e-05,3.5913e-05,3.8593e-05,3.8625e-05,3.8932e-05,3.9013e-05,3.8624e-05,3.8609e-05,4.0257e-05,4.0013e-05,3.866e-05,4.1742e-05,4.1251e-05,3.6661e-05,3.6603e-05,3.6067e-05,3.5995e-05,3.6254e-05,3.6091e-05,3.6915e-05,3.7029e-05,3.6469e-05,3.6581e-05,4.4485e-05,4.4638e-05,4.203e-05,4.0843e-05,3.6047e-05,3.6441e-05,3.6123e-05,3.613e-05,3.6065e-05,3.5925e-05,3.7069e-05,3.701e-05,3.6982e-05,3.6992e-05,3.6195e-05,3.6254e-05,3.6187e-05,3.5926e-05,4.3489e-05,4.0443e-05,3.6569e-05,3.8497e-05,3.8467e-05,3.849e-05,3.8485e-05,3.9467e-05,3.8515e-05,3.8387e-05,3.6012e-05,3.594e-05,3.6424e-05,3.6415e-05,3.8368e-05,3.8372e-05,3.7163e-05,3.7257e-05,3.7713e-05,3.7127e-05,3.6322e-05,3.6311e-05,3.6471e-05,3.6399e-05],"f":[2,1,2,1,1,2,1,2,2,2,1,2,2,1,1,2,2,2,2,2,1,2,2,1,2,1,1,2,2,1,1,2,2,1,1,2,2,2,1,1,1,1,1,2,2,2,2,2,2,2,2,1,1,2,2,1,1,2,2,2,2,2,2,1,1,1,1,2,2,2,2,2,2,2,2,2,2,2,1,1,1,1,1,1,1,1,1,1,1,1,1,1,1,1,1,1,1,1,1,1,1,1,1,1,1,1,1,1,1,2,2,2,2,1,2,2,1,1,1,1,2,2,1,1,1,1,1,1,1,1]}