{"p":[0.7479,0.6482,0.7439,0.4881,0.0047,0.6296,0.1442,0.2147,0.1743,0.6811,0.8182,0.5445,0.7273,0.7305,0.8923,0.8955,0.0295,0.0327,0.8963,0.8995,0.1464,0.1496,0.6743,0.6774,0.3741,0.3773,0.4321,0.1313,0.1377,0.8653,0.8685,0.1687,0.1719,0.5797,0.5829,0.8813,0.9136,0.9587,0.9825,0.012,0.0153,0.9267,0.9299,0.1346,0.1379,0.4994,0.5028,0.4655,0.4689,0.9109,0.9142,0.6065,0.6098,0.8771,0.8803,0.8737,0.9121,0.9154,0.5987,0.7151,0.3245,0.3277,0.441,0.0295,0.0329,0.7791,0.6013,0.6628,0.9299,0.9331,0.184,0.3214,0.8834,0.1123,0.2606,0.4022,0.5886,0.7347,0.1036,0.1165,0.2511,0.4157,0.9372,0.089,0.9128,0.783,0.9597,0.5306,0.9823,0.2003,0.3996,0.4759,0.6191,0.1699,0.2091,0.2227,0.0369,0.0402,0.9508,0.9541,0.0242,0.1538,0.2276,0.2375,0.4786,0.482,0.745,0.7483,0.6256,0.7125,0.686,0.6893,0.2494,0.2528,0.7401,0.7434,0.2278,0.5558,0.5592,0.4599,0.4631,0.92,0.9233,0.0284,0.0317,0.8352,0.8957,0.0566,0.3158,0.3191],"b":[427.9408,430.8955,432.8882,438.931,439.8523,439.9406,443.8303,448.9296,449.9135,508.7953,540.7644,558.6797,761.9963,761.9968,767.9572,767.9577,768.9662,768.9666,770.9266,770.927,771.9515,771.952,776.9741,776.9745,784.0002,784.0006,803.9416,833.8696,833.8705,860.8338,860.8342,873.7414,873.7418,882.7058,882.7063,900.7025,900.7071,1124.927,1124.9304,1129.0343,1129.0348,1130.0118,1130.0123,1134.9892,1134.9897,1137.02,1137.0204,1142.9527,1142.9532,1143.0157,1143.0162,1144.9518,1144.9523,1144.9901,1144.9906,1151.9168,1152.9118,1152.9123,1153.8571,1153.8735,1153.9597,1153.9601,1158.9241,1163.9553,1163.9558,1164.9095,1166.8635,1167.0136,1167.8996,1167.9,1167.9355,1167.9549,1168.8826,1168.9149,1169.9255,1169.9455,1170.8201,1170.8408,1171.8825,1173.8635,1173.8825,1175.885,1176.9483,1176.9698,1177.9345,1179.8953,1179.9203,1180.8492,1180.9131,1181.9335,1181.9617,1182.8207,1182.8409,1183.767,1183.7725,1200.8803,1206.7916,1206.792,1210.8791,1210.8796,1215.8375,1215.8558,1216.8558,1216.8572,1217.8809,1217.8814,1266.6914,1266.6919,1272.7534,1272.7657,1504.8923,1504.8928,1517.978,1517.9785,1520.8748,1520.8753,1531.8293,1536.8236,1536.8241,1537.941,1537.9415,1879.9812,1879.9817,1881.9757,1881.9762,1883.9276,1883.9362,1910.9607,1984.7927,1984.7932],"y":[0.000131669,0.000120981,0.000310795,0.000112733,0.000196257,0.000122298,0.000127347,0.000302513,0.000295114,0.000305451,0.000297766,0.000296583,0.000307119,0.000309415,0.000125954,0.000124034,9.36695e-05,0.000124327,0.000279415,0.000287594,0.00029252,0.000277329,0.000329349,0.000306671,0.000279397,0.000285918,0.000250561,0.000290732,0.000293476,0.000283069,0.000282515,0.000291431,0.000288229,0.0002717,0.000279172,0.00027602,0.000269479,0.000253095,0.000205923,0.000184359,0.000185167,0.000268133,0.000260262,0.000286576,0.000273822,0.000252804,0.000253953,0.00010995,0.00011354,0.000270998,0.000269134,0.000276808,0.000266205,0.000120481,0.000114921,0.000810054,0.000267517,0.000268219,0.000275831,0.000327289,0.000121875,0.00012679,0.00072411,7.51972e-05,9.76097e-05,0.000850714,0.000752967,0.000825127,0.000122672,0.000120459,0.000845915,0.000856174,0.000790546,0.000774734,0.000848106,0.000747549,0.000738251,0.000859099,0.000764986,0.000729534,0.00079776,0.000682371,0.000750306,0.00075677,0.000762487,0.000876611,0.000767826,0.000774584,0.000742923,0.000847977,0.000767196,0.000693324,0.000775819,4.32144e-05,0.000139257,0.000133252,0.000119125,0.000107897,0.000113884,0.00012157,6.21983e-05,0.000103399,0.000124807,0.00013777,0.000115482,0.000110982,0.000131569,0.00013037,0.000118742,0.000135669,0.000122068,0.00013424,0.000128426,0.000129084,0.000119922,0.000129165,0.000130659,0.000102138,9.36059e-05,0.000101056,0.000122704,0.000119697,0.000115657,7.26904e-05,0.000107591,0.000399197,0.000360818,0.00012303,0.00012092,0.000127121],"e":[5.4879e-06,3.6243e-06,6.0115e-06,3.661e-06,6.2502e-06,4.3901e-06,7.9076e-06,9.026e-06,7.4824e-06,7.1999e-06,5.5652e-06,1.2378e-05,5.6918e-06,5.7205e-06,9.0726e-06,7.5154e-06,6.4027e-06,7.5606e-06,8.5956e-06,8.6895e-06,1.4059e-05,1.2226e-05,8.2425e-06,7.2687e-06,7.4651e-06,7.4843e-06,7.5556e-06,8.1274e-06,9.2763e-06,9.9016e-06,9.0771e-06,5.3013e-06,5.3336e-06,6.8755e-06,7.7119e-06,6.5309e-06,5.5182e-06,8.3982e-06,9.0784e-06,1.8533e-05,9.305e-06,5.8887e-06,6.156e-06,5.9418e-06,5.5515e-06,5.3973e-06,5.3104e-06,3.5496e-06,3.5225e-06,5.244e-06,5.2742e-06,5.2874e-06,5.1312e-06,3.2725e-06,3.2354e-06,2.5138e-05,8.1779e-06,7.7926e-06,1.1952e-05,1.0152e-05,7.8565e-06,7.7537e-06,2.4529e-05,4.2497e-06,4.0548e-06,2.4064e-05,2.4136e-05,2.4254e-05,5.0462e-06,4.7617e-06,2.4454e-05,2.4465e-05,2.4468e-05,2.4225e-05,2.4241e-05,2.4217e-05,2.4366e-05,2.4194e-05,2.4205e-05,2.4149e-05,2.458e-05,2.4768e-05,2.44e-05,2.4202e-05,2.4384e-05,2.4732e-05,2.465e-05,2.5675e-05,2.4813e-05,2.449e-05,2.4597e-05,2.424e-05,2.44e-05,4.576e-05,4.2367e-05,6.2591e-06,1.974e-05,1.9149e-05,7.3309e-06,8.4129e-06,1.9425e-05,2.1447e-05,7.529e-06,8.3229e-06,8.0785e-06,6.523e-06,7.225e-06,7.227e-06,1.8266e-05,1.3141e-05,9.0495e-06,7.7274e-06,3.811e-06,4.0825e-06,4.1211e-06,4.2247e-06,7.6873e-06,1.2018e-05,1.2547e-05,1.1238e-05,1.038e-05,4.3165e-06,4.2376e-06,4.0937e-06,3.716e-06,6.0677e-06,5.6141e-06,4.3816e-06,8.8712e-06,8.5144e-06],"f":[1,1,2,1,2,1,1,2,2,2,2,2,2,2,1,1,1,1,2,2,2,2,2,2,2,2,2,2,2,2,2,2,2,2,2,2,2,2,2,2,2,2,2,2,2,2,2,1,1,2,2,2,2,1,1,3,2,2,2,2,1,1,3,1,1,3,3,3,1,1,3,3,3,3,3,3,3,3,3,3,3,3,3,3,3,3,3,3,3,3,3,3,3,1,1,1,1,1,1,1,1,1,1,1,1,1,1,1,1,1,1,1,1,1,1,1,1,1,1,1,1,1,1,1,1,2,2,1,1,1]}