{"p":[0.289,0.2914,0.2617,0.264,0.3566,0.3589,0.8119,0.8143,0.6585,0.6608,0.7531,0.7554,0.8247,0.827,0.1402,0.1426,0.1327,0.1351,0.1914,0.1937,0.5103,0.107,0.0141,0.6305,0.6035,0.8105,0.8875,0.0917,0.4336,0.3342,0.9358,0.4965,0.7544,0.7372,0.9683,0.1705,0.2056,0.944,0.0609,0.2733,0.1473,0.3664,0.6437,0.7834,0.5656,0.7027,0.5952,0.0262,0.6914,0.4829,0.932,0.9342,0.6135,0.6158,0.717,0.7193,0.7945,0.7968,0.1083,0.1106,0.0956,0.8469,0.8492,0.3245,0.3268,0.2576,0.2599,0.5017,0.504,0.6578,0.6601,0.8532,0.8555,0.938,0.9403,0.2672,0.2695,0.6719,0.6742,0.1543,0.1566,0.2968,0.2991,0.4345,0.4368,0.2581,0.2604,0.2579,0.2602,0.5701,0.5724,0.4655,0.4678,0.1353,0.1376,0.4077,0.41,0.1009,0.2952,0.2975,0.8614,0.8637,0.1229,0.1252,0.4286,0.4309,0.5332,0.5355,0.8918,0.8941,0.757,0.7593,0.1398,0.1421,0.1578,0.1601,0.7856,0.7879,0.8616,0.8685,0.5848,0.7859,0.7882,0.8866,0.8889,0.0592,0.0615,0.233,0.2353,0.7431,0.2446,0.271,0.2398,0.5558,0.0483,0.7703,0.7727,0.4042,0.4067,0.447,0.4495,0.6781,0.6804,0.8241,0.8265],"b":[326.8967,326.8971,327.8713,327.8717,328.8699,328.8703,329.9391,329.9396,330.8891,330.8895,331.8876,331.8881,332.8816,332.8821,334.9035,334.9039,335.882,335.8825,336.8735,336.874,338.896,344.893,345.8548,353.8156,354.7903,355.8109,356.806,357.826,359.853,360.8135,360.9314,361.8253,362.8559,363.8325,364.8578,365.8774,368.8243,378.769,379.7719,380.7936,381.7489,383.7518,384.7862,387.7536,389.8669,390.8737,430.8367,439.7411,443.5955,443.7507,655.9107,655.9111,681.9162,681.9167,682.9165,682.917,683.9117,683.9122,685.9332,685.9337,686.9107,706.854,706.8544,710.8676,710.8681,711.8345,711.8349,712.8623,712.8628,713.8729,713.8734,714.8912,714.8917,715.8878,715.8883,716.9324,716.9328,719.9517,719.9521,725.9263,725.9267,726.9342,726.9346,734.9972,734.9976,737.9026,737.903,739.8626,739.863,740.9037,740.9042,741.8632,741.8637,745.9145,745.915,748.9079,748.9084,759.8238,763.7819,763.7823,764.8728,764.8733,765.7081,765.7085,765.768,765.7684,766.7685,766.769,767.8188,767.8192,768.7724,768.7728,770.8074,770.8079,771.7909,771.7914,772.698,772.6984,783.6889,783.6902,791.6706,793.67,793.6705,794.6698,794.6702,795.6836,795.6841,798.6577,798.6581,820.7097,849.6199,849.6251,1046.991,1053.9129,1060.8695,1860.691,1860.6915,1860.8152,1860.8157,1861.8036,1861.8041,1880.6649,1880.6654,1882.6535,1882.654],"y":[2.8391e-05,3.14754e-05,1.7053e-05,2.13036e-05,6.91066e-05,7.51299e-05,7.46778e-05,6.5705e-05,0.000100283,9.76772e-05,0.000100455,9.418e-05,8.6712e-05,9.53724e-05,8.61772e-05,8.32054e-05,8.61892e-05,8.49565e-05,3.27114e-05,3.05555e-05,6.88536e-05,2.99974e-06,8.60602e-05,9.73546e-05,9.83211e-05,8.70545e-05,8.98641e-05,8.2774e-05,9.41519e-05,8.85712e-05,7.24581e-05,9.31325e-05,8.52597e-05,6.67066e-05,2.76232e-05,8.82124e-05,8.71442e-05,8.67405e-05,8.021e-05,9.19242e-05,6.65743e-05,6.72196e-05,6.86373e-05,4.41534e-06,6.88526e-05,5.94247e-06,6.56054e-05,8.77579e-05,8.53759e-05,5.86809e-05,0.000103889,8.99113e-05,9.52473e-05,8.78581e-05,9.47925e-05,9.33585e-05,9.80192e-05,9.98209e-05,7.69688e-05,7.75864e-05,9.37498e-05,8.67112e-05,8.40591e-05,0.000100145,9.82858e-05,8.44536e-05,7.82325e-05,9.92183e-05,9.52347e-05,0.000101217,0.000103257,7.70689e-05,8.22625e-05,3.03959e-05,2.0946e-05,9.04332e-05,9.44157e-05,9.39865e-05,8.71699e-05,7.07137e-05,7.00725e-05,7.51175e-05,7.04253e-05,7.62013e-05,7.15429e-05,7.35638e-05,7.77134e-05,9.59164e-05,9.46436e-05,8.0022e-05,8.75122e-05,9.28963e-05,9.34505e-05,9.94859e-05,9.89267e-05,9.98606e-05,9.43743e-05,9.62988e-05,9.57703e-05,9.68166e-05,6.74046e-05,6.86971e-05,0.00010122,0.000100498,5.84278e-05,6.29214e-05,6.9818e-06,5.00849e-06,6.06411e-05,8.57684e-05,7.6912e-05,7.91311e-05,0.000106175,9.11716e-05,9.99475e-05,8.93033e-05,7.58244e-05,7.74879e-05,7.06793e-05,7.16477e-05,6.12027e-05,7.01194e-05,6.85212e-05,6.50847e-05,7.40753e-05,6.71399e-05,6.29667e-05,5.97758e-06,1.05953e-06,8.10918e-05,6.64647e-05,7.07257e-05,7.23262e-05,7.01826e-05,7.52698e-06,8.39519e-05,9.23435e-05,5.19692e-05,5.80812e-05,7.17069e-05,7.79432e-05,9.98515e-05,9.80613e-05,6.70671e-05,7.07622e-05],"e":[6.4342e-06,5.6823e-06,5.5912e-06,5.3154e-06,5.9003e-06,5.5518e-06,4.649e-06,4.8924e-06,4.8075e-06,3.9073e-06,4.0937e-06,4.2202e-06,4.938e-06,5.149e-06,3.0893e-06,2.9463e-06,3.2065e-06,3.1452e-06,2.9171e-06,3.3238e-06,2.6312e-06,2.1086e-06,2.7769e-06,4.2776e-06,4.0376e-06,4.5652e-06,4.7289e-06,5.14e-06,4.6376e-06,3.9954e-06,6.0542e-06,3.1523e-06,3.9654e-06,3.7002e-06,3.5711e-06,3.7066e-06,2.3901e-06,2.9184e-06,3.2109e-06,3.0694e-06,4.2405e-06,4.5706e-06,5.2068e-06,6.4104e-06,4.4101e-06,4.9447e-06,3.3191e-06,3.844e-06,5.2064e-06,7.0916e-06,5.6576e-06,5.9352e-06,5.2949e-06,4.7962e-06,4.2675e-06,4.3367e-06,4.3045e-06,4.3875e-06,3.6576e-06,3.673e-06,5.1957e-06,3.1309e-06,3.0036e-06,5.0967e-06,5.8599e-06,4.4002e-06,4.7661e-06,5.0285e-06,4.1495e-06,4.4496e-06,4.984e-06,3.6691e-06,3.9536e-06,3.3886e-06,3.2171e-06,3.6362e-06,3.6403e-06,4.317e-06,3.8273e-06,2.8068e-06,2.6166e-06,2.456e-06,2.61e-06,5.1764e-06,4.9052e-06,5.7665e-06,5.1914e-06,5.7805e-06,5.831e-06,6.865e-06,8.1038e-06,6.0706e-06,6.462e-06,6.055e-06,5.5328e-06,4.2731e-06,4.2379e-06,3.141e-06,4.972e-06,5.2891e-06,3.2064e-06,3.3982e-06,3.5079e-06,3.9374e-06,3.9966e-06,4.2421e-06,5.7437e-06,6.348e-06,1.1259e-05,1.3117e-05,7.7572e-06,8.3357e-06,7.7527e-06,7.8231e-06,8.2933e-06,8.515e-06,6.4248e-06,6.3526e-06,3.3396e-06,2.998e-06,3.749e-06,4.2601e-06,3.8632e-06,4.3342e-06,4.0135e-06,5.4244e-06,6.1234e-06,6.7499e-06,7.5031e-06,1.2528e-05,3.7235e-06,3.9918e-06,4.9262e-06,2.2627e-06,3.3111e-06,7.1666e-06,7.5907e-06,7.9603e-06,7.404e-06,1.0398e-05,8.75e-06,3.904e-06,4.5227e-06,3.7214e-06,3.7244e-06],"f":[2,2,2,2,2,2,1,1,2,2,2,2,2,2,2,2,2,2,2,2,1,1,2,2,2,2,2,2,2,2,1,2,2,1,2,2,2,2,2,2,1,1,1,1,1,1,1,2,2,1,2,2,2,2,2,2,2,2,2,2,2,2,2,2,2,2,2,2,2,2,2,2,2,2,2,2,2,2,2,1,1,1,1,1,1,1,1,2,2,2,2,2,2,2,2,2,2,2,2,2,1,1,2,2,1,1,1,1,1,1,1,1,2,2,2,2,1,1,1,1,1,1,1,1,1,1,1,1,1,1,1,1,1,1,1,2,2,1,1,2,2,2,2,1,1]}