{"phase": [0.6043, 0.60551, 0.04404, 0.16093, 0.22933, 0.51069, 0.35746, 0.1062, 0.07565, 0.7919, 0.11305, 0.76836, 0.65637, 0.91582, 0.00695, 0.05945, 0.06063, 0.37786, 0.38022, 0.08309, 0.08424, 0.5458, 0.11783, 0.11901, 0.61951, 0.62069, 0.27704, 0.27823, 0.45352, 0.45471, 0.87397, 0.87518, 0.69342, 0.69467, 0.9735, 0.97474, 0.65988, 0.56736, 0.56857, 0.3451, 0.34631, 0.2916, 0.29285, 0.91172, 0.91297, 0.22087, 0.22211, 0.28547, 0.28668, 0.30194, 0.99648, 0.99772, 0.15691, 0.38891, 0.39015, 0.87432, 0.87556, 0.35172, 0.35296], "bjd": [2458235.750611, 2458235.751074, 2458477.006942, 2458482.018556, 2458508.025681, 2458510.043552, 2458522.975501, 2458540.83695, 2458558.782728, 2458580.834574, 2458589.744967, 2458593.816074, 2458606.763781, 2458608.77328, 2458618.742005, 2458634.809148, 2458634.809599, 2458638.751536, 2458638.752439, 2458851.071729, 2458851.072168, 2458890.984153, 2458895.023444, 2458895.023896, 2458939.91771, 2458939.918162, 2458963.857488, 2458963.85794, 2458965.835284, 2458965.835735, 2458969.816657, 2458969.81712, 2458977.771218, 2458977.771693, 2458979.788595, 2458979.78907, 2458998.772439, 2459325.791925, 2459325.792388, 2459328.763595, 2459328.764058, 2459334.85633, 2459334.856804, 2459335.857408, 2459335.857883, 2459339.796258, 2459339.796733, 2459341.731308, 2459341.731771, 2459370.775179, 2459628.940093, 2459628.940567, 2459637.024933, 2459639.023939, 2459639.024414, 2459680.855403, 2459680.855877, 2459684.858538, 2459684.859013], "y": [0.0003335877454679, 0.0003292414108737, 0.0002507543338069, 0.0002455686363056, 0.0003186061559293, 0.0003061549068252, 0.0003007107155521, 0.0002206964939171, 0.0002364453317694, 0.0002605910436022, 0.0002536727565012, 0.0002438084178523, 0.0002683509224866, 0.0002463399707262, 0.0002328346312796, 0.0002274486852098, 0.0002370396589554, 0.0002581554218577, 0.0002497908086235, 0.0003089639100089, 0.0003166776978158, 0.00027064099517, 0.0002361616295627, 0.0002329205574095, 0.0002590344791089, 0.0002667808886151, 0.0003266824350933, 0.0003314503401618, 0.0002605508645582, 0.0002665055445902, 0.0002378344727578, 0.0002200343972762, 0.0002306006700515, 0.0002546600192323, -1.8877504500618977e-05, -1.30040811153454e-05, 0.0002435031400575, 0.000257086275298, 0.0002440280411768, 0.0002706581569261, 0.0002705509380034, 0.0002708923216352, 0.0002698984121971, 0.0002484635272663, 0.0002429988249919, 0.0002685503622341, 0.0002617799722816, 0.0002726601291303, 0.0002766305748346, 0.0002666062927808, 0.0002810631398131, 0.0002633999275112, 0.0003309285203009, 0.0002513084808687, 0.0002523400961451, 0.0002436158956886, 0.0002407968921145, 0.0002598543633753, 0.0002518437719559], "dy": [9.33965256830133e-06, 8.42862150672899e-06, 6.854632142417808e-06, 6.806339927418063e-06, 9.825703425702718e-06, 8.999926591115018e-06, 6.417246136022346e-06, 5.694383467128895e-06, 8.227240112681355e-06, 5.614868765897893e-06, 1.0650040404232834e-05, 8.828254316923394e-06, 4.948880723723234e-06, 5.033882994067762e-06, 6.653852114266808e-06, 4.817231342046905e-06, 4.711464307062579e-06, 4.820743707767673e-06, 4.698603414875908e-06, 6.805875414815684e-06, 6.911759736013952e-06, 1.166141376612167e-05, 5.718336692947632e-06, 5.771845260284024e-06, 3.198413364064645e-05, 2.42090574682798e-05, 5.799959216539393e-06, 5.768678852881381e-06, 4.968086389226602e-06, 4.837273990555625e-06, 9.068362274527336e-06, 2.04385624567893e-05, 1.3340779646190412e-05, 1.498742233811858e-05, 7.200400225104005e-06, 6.761883651423469e-06, 4.987666298889381e-06, 5.232383433368121e-06, 5.277981541943092e-06, 7.402375091519733e-06, 7.586413684954798e-06, 5.589794813954717e-06, 5.756224872873953e-06, 1.1934019956794565e-05, 1.3175183164838945e-05, 4.985559333954516e-06, 5.006078691744583e-06, 5.034177070681017e-06, 4.989888488343272e-06, 5.247961650939604e-06, 1.528829977396372e-05, 1.4743675948469412e-05, 6.253690987848834e-06, 5.396534726044843e-06, 5.556526120360769e-06, 7.298184801288209e-06, 7.39061496869357e-06, 8.314190727299399e-06, 9.101669122004206e-06], "fid": [1, 1, 2, 2, 1, 1, 1, 2, 2, 2, 2, 2, 2, 2, 2, 2, 2, 2, 2, 1, 1, 2, 2, 2, 2, 2, 1, 1, 2, 2, 2, 2, 2, 2, 1, 1, 2, 2, 2, 2, 2, 2, 2, 2, 2, 2, 2, 2, 2, 2, 2, 2, 1, 2, 2, 2, 2, 2, 2]}